Defectors,Cooperators,%Defectors,%Cooperators,Avg Fit,Max Fit
1016,984,50.8,49.2,0.0,0
1383,617,69.15,30.85,0.4829848774870807,1.2
1584,416,79.2,20.8,0.38614237010303526,1.2
1703,297,85.15,14.85,0.3220104268669462,0.8999999999999999
1736,264,86.8,13.200000000000001,0.27854212883117924,0.825
1786,214,89.3,10.7,0.24738008487434676,0.76
1822,178,91.10000000000001,8.9,0.2219230785681975,0.7999999999999999
1821,179,91.05,8.95,0.20302363665102247,0.8285714285714285
1820,180,91.0,9.0,0.18833207592539797,0.775
1830,170,91.5,8.5,0.17628126406259675,0.7333333333333334
1851,149,92.55,7.449999999999999,0.1660215337614118,0.7000000000000001
1859,141,92.95,7.049999999999999,0.15836894388204734,0.7000000000000001
1864,136,93.2,6.800000000000001,0.15150376036789587,0.6750000000000002
1866,134,93.30000000000001,6.7,0.14575434478221636,0.676923076923077
1885,115,94.25,5.75,0.14108229633276875,0.6785714285714286
1874,126,93.7,6.3,0.13566120009845078,0.64
1877,123,93.85,6.15,0.1309666391009498,0.625
1867,133,93.35,6.65,0.1270328906024363,0.611764705882353
1848,152,92.4,7.6,0.12427892245970168,0.6166666666666667
1851,149,92.55,7.449999999999999,0.12195836835004992,0.605263157894737
1841,159,92.05,7.95,0.12014639140342558,0.5800000000000001
1830,170,91.5,8.5,0.11897409321296067,0.5714285714285715
1818,182,90.9,9.1,0.11774451199384824,0.55
1815,185,90.75,9.25,0.11721087553905007,0.5434782608695653
1800,200,90.0,10.0,0.11672273330996406,0.525
1802,198,90.10000000000001,9.9,0.11620582959395145,0.508
1814,186,90.7,9.3,0.11552601368877405,0.4923076923076923
1804,196,90.2,9.8,0.11494509217450381,0.47777777777777775
1835,165,91.75,8.25,0.11373095445316286,0.46428571428571425
1828,172,91.4,8.6,0.11235686188697067,0.4517241379310344
1845,155,92.25,7.75,0.11114789197322063,0.4399999999999999
1866,134,93.30000000000001,6.7,0.10998453248086279,0.42903225806451606
1871,129,93.55,6.45,0.10839580151402414,0.4281249999999999
1880,120,94.0,6.0,0.10682517948287364,0.4363636363636363
1868,132,93.4,6.6000000000000005,0.10574824118593237,0.426470588235294
1845,155,92.25,7.75,0.10556824279246087,0.4085714285714285
1845,155,92.25,7.75,0.10532408618887791,0.39722222222222214
1852,148,92.60000000000001,7.3999999999999995,0.10482613043489983,0.3864864864864864
1854,146,92.7,7.3,0.10389377815874595,0.37631578947368416
1850,150,92.5,7.5,0.10277107263613545,0.3666666666666666
1874,126,93.7,6.3,0.10163644522626894,0.35749999999999993
1880,120,94.0,6.0,0.1004046801746955,0.34878048780487797
1893,107,94.65,5.35,0.0991843257442077,0.34571428571428575
1907,93,95.35,4.65,0.09803562026645653,0.3386046511627907
1883,117,94.15,5.8500000000000005,0.09703449542635778,0.3318181818181818
1883,117,94.15,5.8500000000000005,0.09624800068609014,0.3266666666666667
1869,131,93.45,6.550000000000001,0.09568706450399554,0.33478260869565224
1866,134,93.30000000000001,6.7,0.09498899164380861,0.34255319148936175
1868,132,93.4,6.6000000000000005,0.09419045103353771,0.35000000000000003
1853,147,92.65,7.35,0.09361447581282538,0.35714285714285715
1843,157,92.15,7.85,0.09342187299608071,0.364
1850,150,92.5,7.5,0.09299246670840527,0.3764705882352941
1850,150,92.5,7.5,0.09269522374632813,0.38269230769230766
1850,150,92.5,7.5,0.09232883393499026,0.3830188679245283
1854,146,92.7,7.3,0.09187712414435778,0.38333333333333325
1844,156,92.2,7.8,0.0914596153807299,0.38363636363636355
1844,156,92.2,7.8,0.09122970936114387,0.39285714285714274
1848,152,92.4,7.6,0.09079168662433545,0.3912280701754385
1850,150,92.5,7.5,0.09051412004486804,0.39482758620689645
1854,146,92.7,7.3,0.09026803900318556,0.39830508474576265
1849,151,92.45,7.55,0.08996446702687678,0.3916666666666666
1857,143,92.85,7.1499999999999995,0.08945361597262742,0.3852459016393442
1856,144,92.80000000000001,7.199999999999999,0.08947365958244291,0.37903225806451607
1854,146,92.7,7.3,0.0892110806615136,0.37301587301587297
1858,142,92.9,7.1,0.08897930325047951,0.36718749999999994
1859,141,92.95,7.049999999999999,0.08867627808541227,0.3615384615384615
1858,142,92.9,7.1,0.08842209523082337,0.356060606060606
1862,138,93.10000000000001,6.9,0.08813147403863368,0.3507462686567164
1853,147,92.65,7.35,0.08796688446757873,0.3455882352941176
1864,136,93.2,6.800000000000001,0.08764164566305327,0.3405797101449275
1865,135,93.25,6.75,0.08730098931449012,0.3357142857142857
1871,129,93.55,6.45,0.08683971116724688,0.3309859154929577
1859,141,92.95,7.049999999999999,0.08642503492071302,0.32638888888888884
1838,162,91.9,8.1,0.08613992723885981,0.32191780821917804
1829,171,91.45,8.55,0.08622862441427574,0.31756756756756754
1825,175,91.25,8.75,0.08630331477350213,0.31333333333333335
1842,158,92.10000000000001,7.9,0.0862253301419906,0.3092105263157895
1867,133,93.35,6.65,0.08602517218038307,0.3090909090909091
1869,131,93.45,6.550000000000001,0.08575655405149049,0.30512820512820515
1884,116,94.19999999999999,5.800000000000001,0.08540827243676051,0.3012658227848101
1896,104,94.8,5.2,0.08490003020228908,0.2975
1913,87,95.65,4.35,0.08430898687993911,0.2938271604938271
1926,74,96.3,3.6999999999999997,0.0837722513767469,0.29024390243902437
1939,61,96.95,3.05,0.08311912592392133,0.2867469879518072
1936,64,96.8,3.2,0.08252444487051519,0.2869047619047619
1926,74,96.3,3.6999999999999997,0.0819339821411125,0.28705882352941176
1924,76,96.2,3.8,0.0814947755579389,0.2872093023255814
1926,74,96.3,3.6999999999999997,0.08098626675200048,0.28735632183908044
1921,79,96.05,3.95,0.08052139383848626,0.28750000000000003
1919,81,95.95,4.05,0.08020094565236717,0.28764044943820233
1910,90,95.5,4.5,0.07981305978907512,0.2822222222222223
1896,104,94.8,5.2,0.07943750821406112,0.2824175824175825
1901,99,95.05,4.95,0.07915522415672265,0.282608695652174
1896,104,94.8,5.2,0.07887106269688336,0.2827956989247313
1901,99,95.05,4.95,0.07855366242843913,0.2829787234042554
1901,99,95.05,4.95,0.07826026874700304,0.2831578947368422
1903,97,95.15,4.8500000000000005,0.07796401017690173,0.2864583333333334
1882,118,94.1,5.8999999999999995,0.07768823703810195,0.2896907216494846
1880,120,94.0,6.0,0.07757618479147003,0.2908163265306123
1888,112,94.39999999999999,5.6000000000000005,0.07741117139302492,0.2888888888888889
1891,109,94.55,5.45,0.07711889173149022,0.28600000000000003
1876,124,93.8,6.2,0.07684459019257182,0.28613861386138617
1875,125,93.75,6.25,0.07674921774522828,0.2862745098039216
1869,131,93.45,6.550000000000001,0.07660060151813539,0.2844660194174758
1884,116,94.19999999999999,5.800000000000001,0.07643065156249254,0.2846153846153847
1883,117,94.15,5.8500000000000005,0.07623824684079224,0.2847619047619048
1878,122,93.89999999999999,6.1,0.07601727086072983,0.28207547169811326
1900,100,95.0,5.0,0.07586435510992635,0.2794392523364487
1905,95,95.25,4.75,0.07565242053571371,0.27685185185185196
1912,88,95.6,4.3999999999999995,0.07537022550244198,0.2743119266055047
1934,66,96.7,3.3000000000000003,0.0750876854688348,0.2718181818181819
1946,54,97.3,2.7,0.07467165838160907,0.26936936936936945
1931,69,96.55,3.45,0.07430568389297153,0.2669642857142858
1927,73,96.35000000000001,3.65,0.0740020293258973,0.2646017699115045
1919,81,95.95,4.05,0.07374042775993127,0.26228070175438606
1910,90,95.5,4.5,0.0734525036122469,0.26000000000000006
1901,99,95.05,4.95,0.07332923548512921,0.2577586206896552
1885,115,94.25,5.75,0.0732056246487673,0.2555555555555556
1886,114,94.3,5.7,0.07299469074194936,0.25338983050847463
1881,119,94.05,5.949999999999999,0.07291823171825042,0.2512605042016807
1888,112,94.39999999999999,5.6000000000000005,0.07276535469767896,0.2491666666666667
1884,116,94.19999999999999,5.800000000000001,0.07261003739755552,0.24710743801652899
1872,128,93.60000000000001,6.4,0.07253875892327417,0.2450819672131148
1905,95,95.25,4.75,0.07243503424521251,0.24390243902438977
1897,103,94.85,5.1499999999999995,0.07227526876432806,0.24193548387096725
1890,110,94.5,5.5,0.07206008657633658,0.23999999999999952
1901,99,95.05,4.95,0.07184819507434044,0.2380952380952376
1912,88,95.6,4.3999999999999995,0.07165210543040136,0.2362204724409444
1894,106,94.69999999999999,5.3,0.07147959477380005,0.23437499999999953
1892,108,94.6,5.4,0.07136363879321929,0.23255813953488325
1898,102,94.89999999999999,5.1,0.07124332947912757,0.2307692307692303
1899,101,94.95,5.050000000000001,0.07112153520842794,0.2290076335877858
1895,105,94.75,5.25,0.07102441448421257,0.22909090909090862
1895,105,94.75,5.25,0.07086470826083537,0.2273684210526311
1893,107,94.65,5.35,0.07074440174458256,0.22567164179104432
1883,117,94.15,5.8500000000000005,0.07073098807496105,0.22399999999999953
1856,144,92.80000000000001,7.199999999999999,0.07086788148192612,0.22235294117647014
1854,146,92.7,7.3,0.0709714165666003,0.22072992700729882
1844,156,92.2,7.8,0.07104141957275188,0.22101449275362323
1834,166,91.7,8.3,0.07112316768636201,0.22158273381294968
1838,162,91.9,8.1,0.07120703844168373,0.2185714285714286
1850,150,92.5,7.5,0.07131952572900921,0.21787234042553144
1867,133,93.35,6.65,0.07137370156640507,0.21802816901408403
1849,151,92.45,7.55,0.07150145523111862,0.2181818181818177
1839,161,91.95,8.05,0.07153836507341892,0.2166666666666662
1843,157,92.15,7.85,0.07159359874201181,0.21517241379310298
1859,141,92.95,7.049999999999999,0.07155868178953911,0.2136986301369863
1871,129,93.55,6.45,0.07151134792850637,0.2122448979591837
1874,126,93.7,6.3,0.07142416276561207,0.21081081081081082
1887,113,94.35,5.65,0.07135494196548291,0.2110067114093955
1890,110,94.5,5.5,0.0712638836595411,0.21119999999999953
1900,100,95.0,5.0,0.07111328053402524,0.21139072847682072
1914,86,95.7,4.3,0.07095947456257401,0.21157894736842062
1915,85,95.75,4.25,0.0707530603846939,0.21176470588235252
1926,74,96.3,3.6999999999999997,0.07053381178255257,0.21194805194805152
1941,59,97.05,2.9499999999999997,0.07029179654975569,0.21212903225806412
1947,53,97.35000000000001,2.65,0.07001930725787188,0.21230769230769192
1945,55,97.25,2.75,0.06975613804526291,0.21248407643312064
1945,55,97.25,2.75,0.06952938849932634,0.21113924050632876
1946,54,97.3,2.7,0.06928324077051894,0.21132075471698078
1947,53,97.35000000000001,2.65,0.06901508951992472,0.21149999999999966
1947,53,97.35000000000001,2.65,0.06875728725886693,0.21167701863354005
1949,51,97.45,2.55,0.06849426086951599,0.21185185185185154
1951,49,97.55,2.45,0.06822382141537253,0.21202453987730033
1952,48,97.6,2.4,0.06795196614356032,0.21073170731707289
1961,39,98.05,1.95,0.0676773202606335,0.21090909090909063
1966,34,98.3,1.7000000000000002,0.06738301102783832,0.2096385542168672
1971,29,98.55000000000001,1.4500000000000002,0.06705368923217445,0.20838323353293386
1976,24,98.8,1.2,0.06671846907741,0.20714285714285688
1984,16,99.2,0.8,0.06636946762801829,0.20591715976331335
1985,15,99.25,0.75,0.06601929860597881,0.2047058823529409
1980,20,99.0,1.0,0.06567096828488986,0.2035087719298243
1987,13,99.35000000000001,0.65,0.06533052781700825,0.20232558139534856
1988,12,99.4,0.6,0.06497717833609211,0.20115606936416158
1985,15,99.25,0.75,0.064634202835205,0.19999999999999973
1987,13,99.35000000000001,0.65,0.0642922560718973,0.1988571428571426
1996,4,99.8,0.2,0.06394955655524441,0.19772727272727247
1993,7,99.65,0.35000000000000003,0.06361243467404404,0.19661016949152516
1995,5,99.75,0.25,0.06326351046251912,0.19550561797752783
1997,3,99.85000000000001,0.15,0.06291938784608672,0.1944134078212288
1995,5,99.75,0.25,0.06257479791212868,0.19333333333333308
1994,6,99.7,0.3,0.0622404821354482,0.19226519337016548
1995,5,99.75,0.25,0.061912059765402726,0.19120879120879095
1993,7,99.65,0.35000000000000003,0.06158512953191489,0.19016393442622925
1994,6,99.7,0.3,0.061263174527773724,0.18913043478260844
1995,5,99.75,0.25,0.060944452772104585,0.18810810810810785
1996,4,99.8,0.2,0.060627717345492126,0.18709677419354814
1996,4,99.8,0.2,0.06031205651820764,0.18609625668449173
1999,1,99.95,0.05,0.05999975378483037,0.18510638297872317
1999,1,99.95,0.05,0.05968524009637473,0.1841269841269839
1998,2,99.9,0.1,0.059374037078323505,0.18315789473684185
1997,3,99.85000000000001,0.15,0.059067683044754564,0.1821989528795809
1997,3,99.85000000000001,0.15,0.05877507718631893,0.18124999999999977
1995,5,99.75,0.25,0.058476061631217546,0.1803108808290153
1996,4,99.8,0.2,0.058182387547229424,0.17938144329896885
1996,4,99.8,0.2,0.057890224691126986,0.17846153846153823
1995,5,99.75,0.25,0.05760104308865864,0.17755102040816303
1994,6,99.7,0.3,0.057317005852322224,0.17664974619289317
1997,3,99.85000000000001,0.15,0.05703755025282411,0.17575757575757553
1999,1,99.95,0.05,0.0567574394153212,0.17487437185929625
2000,0,100.0,0.0,0.05647517096824465,0.17399999999999977
2000,0,100.0,0.0,0.05619419996840262,0.17313432835820872
2000,0,100.0,0.0,0.05591601085964814,0.17227722772277204
2000,0,100.0,0.0,0.05564056253029017,0.1714285714285712
2000,0,100.0,0.0,0.05536781467474952,0.17058823529411743
2000,0,100.0,0.0,0.05509772777389697,0.1697560975609754
2000,0,100.0,0.0,0.054830263075965516,0.16893203883495123
2000,0,100.0,0.0,0.054565382578014195,0.16811594202898528
2000,0,100.0,0.0,0.054303049007927484,0.1673076923076921
2000,0,100.0,0.0,0.05404322580693252,0.1665071770334926
2000,0,100.0,0.0,0.05378587711261395,0.1657142857142855
2000,0,100.0,0.0,0.053530967742411735,0.16492890995260642
2000,0,100.0,0.0,0.05327846317758913,0.1641509433962262
2000,0,100.0,0.0,0.05302832954764731,0.16338028169014063
2000,0,100.0,0.0,0.05278053361518175,0.16261682242990633
2000,0,100.0,0.0,0.052535042761157676,0.16186046511627886
2000,0,100.0,0.0,0.052291824970596805,0.1611111111111109
2000,0,100.0,0.0,0.05205084881865869,0.16036866359446983
2000,0,100.0,0.0,0.05181208345710509,0.15963302752293557
2000,0,100.0,0.0,0.051575498601136624,0.1589041095890409
2000,0,100.0,0.0,0.051341064516585946,0.15818181818181798
2000,0,100.0,0.0,0.051108752007461636,0.1574660633484161
2000,0,100.0,0.0,0.050878532403823944,0.15675675675675654
2000,0,100.0,0.0,0.050650377549995185,0.15605381165919263
2000,0,100.0,0.0,0.050424259793075514,0.15535714285714267
2000,0,100.0,0.0,0.05020015197177302,0.15466666666666645
2000,0,100.0,0.0,0.049978027405525725,0.15398230088495554
2000,0,100.0,0.0,0.0497578598839159,0.15330396475770905
2000,0,100.0,0.0,0.04953962365635492,0.15263157894736823
2000,0,100.0,0.0,0.04932329342204758,0.1519650655021832
2000,0,100.0,0.0,0.04910884432021265,0.15130434782608676
2000,0,100.0,0.0,0.04889625192055809,0.15064935064935045
2000,0,100.0,0.0,0.048685492214003624,0.1499999999999998
2000,0,100.0,0.0,0.04847654160364331,0.14935622317596547
2000,0,100.0,0.0,0.048269376895935835,0.14871794871794852
2000,0,100.0,0.0,0.04806397529212304,0.14808510638297853
2000,0,100.0,0.0,0.04786031437986824,0.14745762711864388
2000,0,100.0,0.0,0.0476583721251008,0.1468354430379745
2000,0,100.0,0.0,0.04745812686407125,0.1462184873949578
2000,0,100.0,0.0,0.047259557295602175,0.14560669456066927
2000,0,100.0,0.0,0.047062642473537177,0.14499999999999982
2000,0,100.0,0.0,0.04686736179937353,0.14439834024896248
2000,0,100.0,0.0,0.04667369501507814,0.1438016528925618
2000,0,100.0,0.0,0.04648162219608603,0.14320987654320969
2000,0,100.0,0.0,0.04629112374446274,0.14262295081967194
2000,0,100.0,0.0,0.046102180382240426,0.14204081632653043
2000,0,100.0,0.0,0.045914773144914316,0.14146341463414616
2000,0,100.0,0.0,0.0457288833750968,0.14089068825910914
2000,0,100.0,0.0,0.045544492716326324,0.1403225806451611
2000,0,100.0,0.0,0.04536158310702367,0.13975903614457813
2000,0,100.0,0.0,0.04518013677459563,0.13919999999999982
2000,0,100.0,0.0,0.04500013622967699,0.13864541832669305
2000,0,100.0,0.0,0.044821564260511516,0.1380952380952379
2000,0,100.0,0.0,0.04464440392746606,0.13754940711462432
2000,0,100.0,0.0,0.04446863855767286,0.13700787401574785
2000,0,100.0,0.0,0.04429425173979959,0.13647058823529393
2000,0,100.0,0.0,0.04412122731894101,0.13593749999999982
2000,0,100.0,0.0,0.04394954939163046,0.13540856031128387
2000,0,100.0,0.0,0.043779202300964874,0.13488372093023238
2000,0,100.0,0.0,0.04361017063184911,0.1343629343629342
2000,0,100.0,0.0,0.04344243920634194,0.13384615384615367
2000,0,100.0,0.0,0.04327599307911466,0.13333333333333316
2000,0,100.0,0.0,0.04311081753301111,0.13282442748091586
2000,0,100.0,0.0,0.04294689807471064,0.13231939163498083
2000,0,100.0,0.0,0.04278422043048828,0.13181818181818164
2000,0,100.0,0.0,0.0426227705420714,0.13132075471698096
2000,0,100.0,0.0,0.0424625345625899,0.13082706766917276
2000,0,100.0,0.0,0.04230349885261679,0.13033707865168523
2000,0,100.0,0.0,0.04214564997630187,0.12985074626865656
2000,0,100.0,0.0,0.041988974697579666,0.1293680297397768
2000,0,100.0,0.0,0.0418334599764775,0.12888888888888872
2000,0,100.0,0.0,0.04167909296549409,0.12841328413284117
2000,0,100.0,0.0,0.04152586100606225,0.12794117647058806
2000,0,100.0,0.0,0.041373751625088016,0.1274725274725273
2000,0,100.0,0.0,0.04122275253156546,0.12700729927007282
2000,0,100.0,0.0,0.04107285161326874,0.12654545454545438
2000,0,100.0,0.0,0.04092403693351034,0.12608695652173896
2000,0,100.0,0.0,0.04077629672797414,0.12563176895306843
2000,0,100.0,0.0,0.04062961940161479,0.12517985611510776
2000,0,100.0,0.0,0.040483993525623506,0.12473118279569877
2000,0,100.0,0.0,0.040339407834460446,0.12428571428571412
2000,0,100.0,0.0,0.04019585122294989,0.1238434163701066
2000,0,100.0,0.0,0.040053312743435814,0.12340425531914878
2000,0,100.0,0.0,0.039911781602999734,0.12296819787985849
2000,0,100.0,0.0,0.039771247160735615,0.12253521126760547
2000,0,100.0,0.0,0.039631698925083905,0.12210526315789458
2000,0,100.0,0.0,0.039493126551219934,0.12167832167832152
2000,0,100.0,0.0,0.039355519838497985,0.1212543554006967
2000,0,100.0,0.0,0.039218868727947616,0.12083333333333318
2000,0,100.0,0.0,0.0390831632998231,0.12041522491349466
2000,0,100.0,0.0,0.03894839377120315,0.11999999999999984
2000,0,100.0,0.0,0.03881455049363927,0.11958762886597922
2000,0,100.0,0.0,0.038681623950852353,0.11917808219178067
2000,0,100.0,0.0,0.038549604756480935,0.11877133105802032
2000,0,100.0,0.0,0.03841848365186705,0.11836734693877536
2000,0,100.0,0.0,0.03828825150389463,0.1179661016949151
2000,0,100.0,0.0,0.03815889930286796,0.11756756756756741
2000,0,100.0,0.0,0.03803041816043409,0.11717171717171702
2000,0,100.0,0.0,0.03790279930754669,0.11677852348993273
2000,0,100.0,0.0,0.03777603409247135,0.11638795986622058
2000,0,100.0,0.0,0.03765011397882971,0.11599999999999985
2000,0,100.0,0.0,0.03752503054368411,0.11561461794019919
2000,0,100.0,0.0,0.03740077547565867,0.11523178807947004
2000,0,100.0,0.0,0.03727734057309862,0.1148514851485147
2000,0,100.0,0.0,0.03715471774226617,0.11447368421052617
2000,0,100.0,0.0,0.037032898995570294,0.11409836065573756
2000,0,100.0,0.0,0.03691187644983327,0.11372549019607828
2000,0,100.0,0.0,0.036791642324589355,0.1133550488599347
2000,0,100.0,0.0,0.036672188940418564,0.11298701298701284
2000,0,100.0,0.0,0.03655350871731042,0.11262135922330083
2000,0,100.0,0.0,0.036435594173061005,0.11225806451612888
2000,0,100.0,0.0,0.03631843792170066,0.11189710610932461
2000,0,100.0,0.0,0.03620203267195166,0.11153846153846139
2000,0,100.0,0.0,0.03608637122571533,0.11118210862619794
2000,0,100.0,0.0,0.03597144647658884,0.11082802547770686
2000,0,100.0,0.0,0.035857251408409264,0.11047619047619033
2000,0,100.0,0.0,0.03574377909382571,0.11012658227848086
2000,0,100.0,0.0,0.03563102269289874,0.10977917981072541
2000,0,100.0,0.0,0.03551897545172612,0.1094339622641508
2000,0,100.0,0.0,0.03540763070109379,0.10909090909090895
2000,0,100.0,0.0,0.03529698185515282,0.10874999999999986
2000,0,100.0,0.0,0.035187022410121234,0.10841121495327088
2000,0,100.0,0.0,0.035077745943008956,0.10807453416149054
2000,0,100.0,0.0,0.03496914611036813,0.10773993808049522
2000,0,100.0,0.0,0.03486121664706457,0.10740740740740727
2000,0,100.0,0.0,0.03475395136507354,0.10707692307692293
2000,0,100.0,0.0,0.034647344152297296,0.10674846625766857
2000,0,100.0,0.0,0.034541388971403436,0.10642201834862372
2000,0,100.0,0.0,0.0344360798586857,0.10609756097560961
2000,0,100.0,0.0,0.034331410922945046,0.1057750759878418
2000,0,100.0,0.0,0.03422737634439065,0.10545454545454531
2000,0,100.0,0.0,0.034123970373561595,0.10513595166163128
2000,0,100.0,0.0,0.03402118733026778,0.1048192771084336
2000,0,100.0,0.0,0.0339190216025493,0.10450450450450437
2000,0,100.0,0.0,0.03381746764565544,0.10419161676646693
2000,0,100.0,0.0,0.03371651998104151,0.10388059701492523
2000,0,100.0,0.0,0.033616173195383695,0.10357142857142844
2000,0,100.0,0.0,0.03351642193961103,0.10326409495548948
2000,0,100.0,0.0,0.0334172609279554,0.10295857988165667
2000,0,100.0,0.0,0.03331868493701744,0.10265486725663703
2000,0,100.0,0.0,0.033220688804849796,0.10235294117647045
2000,0,100.0,0.0,0.033123267430055496,0.10205278592375354
2000,0,100.0,0.0,0.033026415770903164,0.10175438596491215
2000,0,100.0,0.0,0.032930128844457486,0.10145772594752174
2000,0,100.0,0.0,0.032834401725723515,0.10116279069767428
2000,0,100.0,0.0,0.03273922954680834,0.10086956521739117
2000,0,100.0,0.0,0.03264460749609509,0.10057803468208079
2000,0,100.0,0.0,0.03255053081743202,0.10028818443804022
2000,0,100.0,0.0,0.03245699480933591,0.09999999999999987
2000,0,100.0,0.0,0.032363994824208944,0.09971346704871047
2000,0,100.0,0.0,0.03227152626756831,0.0994285714285713
2000,0,100.0,0.0,0.03217958459729041,0.09914529914529902
2000,0,100.0,0.0,0.03208816532286625,0.09886363636363624
2000,0,100.0,0.0,0.03199726400467115,0.09858356940509902
2000,0,100.0,0.0,0.03190687625324553,0.09830508474576258
2000,0,100.0,0.0,0.03181699772858818,0.09802816901408438
2000,0,100.0,0.0,0.031727624139462604,0.09775280898876391
2000,0,100.0,0.0,0.03163875124271438,0.09747899159663853
2000,0,100.0,0.0,0.03155037484259469,0.0972067039106144
2000,0,100.0,0.0,0.03146249079010838,0.09693593314763219
2000,0,100.0,0.0,0.03137509498235815,0.09666666666666654
2000,0,100.0,0.0,0.03128818336190839,0.09639889196675888
2000,0,100.0,0.0,0.031201751916157257,0.09613259668508274
2000,0,100.0,0.0,0.031115796676718748,0.0958677685950412
2000,0,100.0,0.0,0.03103031371881576,0.09560439560439547
2000,0,100.0,0.0,0.030945299160681936,0.09534246575342453
2000,0,100.0,0.0,0.030860749162975175,0.09508196721311463
2000,0,100.0,0.0,0.030776659928198707,0.09482288828337862
2000,0,100.0,0.0,0.030693027700132925,0.09456521739130422
2000,0,100.0,0.0,0.030609848763276135,0.09430894308943077
2000,0,100.0,0.0,0.030527119442294366,0.09405405405405393
2000,0,100.0,0.0,0.030444836101479505,0.09380053908355783
2000,0,100.0,0.0,0.03036299514421745,0.09354838709677407
2000,0,100.0,0.0,0.03028159301246359,0.09329758713136717
2000,0,100.0,0.0,0.030200626186227007,0.09304812834224586
2000,0,100.0,0.0,0.03012009118306378,0.09279999999999988
2000,0,100.0,0.0,0.030039984557576855,0.09255319148936159
2000,0,100.0,0.0,0.02996030290092537,0.09230769230769219
2000,0,100.0,0.0,0.029881042840341123,0.09206349206349194
2000,0,100.0,0.0,0.02980220103865143,0.09182058047493391
2000,0,100.0,0.0,0.029723774193812943,0.09157894736842093
2000,0,100.0,0.0,0.02964575903844854,0.09133858267716523
2000,0,100.0,0.0,0.02956815233939504,0.09109947643979045
2000,0,100.0,0.0,0.029490950897255612,0.09086161879895549
2000,0,100.0,0.0,0.029414151545960707,0.09062499999999989
2000,0,100.0,0.0,0.02933775115233481,0.09038961038961027
2000,0,100.0,0.0,0.029261746615670735,0.09015544041450765
2000,0,100.0,0.0,0.02918613486730984,0.08992248062015493
2000,0,100.0,0.0,0.02911091287022925,0.08969072164948443
2000,0,100.0,0.0,0.029036077618634762,0.08946015424164512
2000,0,100.0,0.0,0.028961626137561276,0.08923076923076911
2000,0,100.0,0.0,0.028887555482478018,0.08900255754475692
2000,0,100.0,0.0,0.028813862738900277,0.08877551020408152
2000,0,100.0,0.0,0.028740545022007402,0.08854961832061058
2000,0,100.0,0.0,0.028667599476266247,0.08832487309644659
2000,0,100.0,0.0,0.02859502327506056,0.0881012658227847
2000,0,100.0,0.0,0.028522813620325545,0.08787878787878776
2000,0,100.0,0.0,0.028450967742188138,0.08765743073047848
2000,0,100.0,0.0,0.02837948289861537,0.08743718592964812
2000,0,100.0,0.0,0.028308356375059938,0.08721804511278185
2000,0,100.0,0.0,0.02823758548412232,0.08699999999999988
2000,0,100.0,0.0,0.028167167565209195,0.08678304239401485
2000,0,100.0,0.0,0.02809709998420131,0.08656716417910436
2000,0,100.0,0.0,0.028027380133123832,0.08635235732009915
2000,0,100.0,0.0,0.027958005429824066,0.08613861386138602
2000,0,100.0,0.0,0.02788897331765162,0.08592592592592581
2000,0,100.0,0.0,0.027820281265145085,0.0857142857142856
2000,0,100.0,0.0,0.027751926765722093,0.0855036855036854
2000,0,100.0,0.0,0.02768390733737476,0.08529411764705871
2000,0,100.0,0.0,0.02761622052236898,0.08508557457212702
2000,0,100.0,0.0,0.027548863886948483,0.0848780487804877
2000,0,100.0,0.0,0.02748183502104356,0.08467153284671522
2000,0,100.0,0.0,0.027415131537982758,0.08446601941747561
2000,0,100.0,0.0,0.027348751074210434,0.08426150121065365
2000,0,100.0,0.0,0.0272826912890071,0.08405797101449264
2000,0,100.0,0.0,0.027216949864214284,0.08385542168674688
2000,0,100.0,0.0,0.027151524503963746,0.08365384615384605
2000,0,100.0,0.0,0.027086412934409866,0.08345323741007184
2000,0,100.0,0.0,0.02702161290346626,0.0832535885167463
2000,0,100.0,0.0,0.026957122180546328,0.08305489260143187
2000,0,100.0,0.0,0.026892938556306964,0.08285714285714275
2000,0,100.0,0.0,0.02682905984239637,0.08266033254156759
2000,0,100.0,0.0,0.02676548387120585,0.08246445497630321
2000,0,100.0,0.0,0.02670220849562398,0.08226950354609919
2000,0,100.0,0.0,0.026639231588794554,0.0820754716981131
2000,0,100.0,0.0,0.0265765510438798,0.08188235294117636
2000,0,100.0,0.0,0.026514164773823654,0.08169014084507031
2000,0,100.0,0.0,0.02645207071112166,0.08149882903981254
2000,0,100.0,0.0,0.02639026680759089,0.08130841121495316
2000,0,100.0,0.0,0.026328751034146655,0.081118881118881
2000,0,100.0,0.0,0.02626752138057882,0.08093023255813943
2000,0,100.0,0.0,0.026206575855333918,0.08074245939675163
2000,0,100.0,0.0,0.026145912485298402,0.08055555555555545
2000,0,100.0,0.0,0.026085529315586435,0.08036951501154724
2000,0,100.0,0.0,0.02602542440932935,0.08018433179723491
2000,0,100.0,0.0,0.02596559584746876,0.07999999999999989
2000,0,100.0,0.0,0.02590604172855255,0.07981651376146778
2000,0,100.0,0.0,0.025846760168532976,0.07963386727688777
2000,0,100.0,0.0,0.025787749300568322,0.07945205479452044
2000,0,100.0,0.0,0.025729007274826663,0.07927107061503406
2000,0,100.0,0.0,0.025670532258292977,0.07909090909090899
2000,0,100.0,0.0,0.02561232243457807,0.07891156462585024
2000,0,100.0,0.0,0.025554376003730814,0.07873303167420805
2000,0,100.0,0.0,0.02549669118205173,0.07855530474040621
2000,0,100.0,0.0,0.02543926620191196,0.07837837837837827
2000,0,100.0,0.0,0.02538209931157063,0.07820224719101114
2000,0,100.0,0.0,0.02532518877499759,0.07802690582959632
2000,0,100.0,0.0,0.025268532871697745,0.0778523489932885
2000,0,100.0,0.0,0.025212129896537754,0.07767857142857133
2000,0,100.0,0.0,0.025155978159574426,0.07750556792873041
2000,0,100.0,0.0,0.02510007598588651,0.07733333333333323
2000,0,100.0,0.0,0.02504442171540775,0.07716186252771609
2000,0,100.0,0.0,0.02498901370276286,0.07699115044247777
2000,0,100.0,0.0,0.024933850317105762,0.07682119205298003
2000,0,100.0,0.0,0.024878929941957968,0.07665198237885452
2000,0,100.0,0.0,0.02482425097505254,0.07648351648351638
2000,0,100.0,0.0,0.024769811828177456,0.07631578947368411
2000,0,100.0,0.0,0.024715610927021688,0.07614879649890581
2000,0,100.0,0.0,0.024661646711023794,0.0759825327510916
2000,0,100.0,0.0,0.024607917633222127,0.07581699346405218
2000,0,100.0,0.0,0.024554422160106313,0.07565217391304338
2000,0,100.0,0.0,0.02450115877147268,0.0754880694143166
2000,0,100.0,0.0,0.024448125960279045,0.07532467532467522
2000,0,100.0,0.0,0.02439532223250303,0.07516198704103662
2000,0,100.0,0.0,0.024342746107001812,0.0749999999999999
2000,0,100.0,0.0,0.024290396115374036,0.07483870967741926
2000,0,100.0,0.0,0.02423827080182166,0.07467811158798274
2000,0,100.0,0.0,0.024186368723016927,0.07451820128479647
2000,0,100.0,0.0,0.024134688447967918,0.07435897435897426
2000,0,100.0,0.0,0.024083228557886836,0.07420042643923232
2000,0,100.0,0.0,0.024031987646061518,0.07404255319148927
2000,0,100.0,0.0,0.023980964317725957,0.07388535031847124
2000,0,100.0,0.0,0.02393015718993412,0.07372881355932194
2000,0,100.0,0.0,0.023879564891435327,0.07357293868921766
2000,0,100.0,0.0,0.0238291860625504,0.07341772151898725
2000,0,100.0,0.0,0.02377901935505035,0.07326315789473675
2000,0,100.0,0.0,0.02372906343203562,0.0731092436974789
2000,0,100.0,0.0,0.023679316967817443,0.0729559748427672
2000,0,100.0,0.0,0.023629778647801088,0.07280334728033463
2000,0,100.0,0.0,0.02358044716836938,0.07265135699373686
2000,0,100.0,0.0,0.02353132123676859,0.07249999999999991
2000,0,100.0,0.0,0.023482399570995637,0.07234927234927226
2000,0,100.0,0.0,0.023433680899686764,0.07219917012448124
2000,0,100.0,0.0,0.023385163962006045,0.0720496894409937
2000,0,100.0,0.0,0.023336847507539064,0.0719008264462809
2000,0,100.0,0.0,0.023288730296183353,0.07175257731958753
2000,0,100.0,0.0,0.023240811098043008,0.07160493827160484
2000,0,100.0,0.0,0.0231930886933243,0.07145790554414776
2000,0,100.0,0.0,0.02314556187223137,0.07131147540983597
2000,0,100.0,0.0,0.02309822943486483,0.07116564417177905
2000,0,100.0,0.0,0.023051090191120217,0.07102040816326521
2000,0,100.0,0.0,0.0230041429605884,0.07087576374745408
2000,0,100.0,0.0,0.022957386572457158,0.07073170731707308
2000,0,100.0,0.0,0.022910819865413653,0.07058823529411755
2000,0,100.0,0.0,0.022864441687548413,0.07044534412955457
2000,0,100.0,0.0,0.022818250896260408,0.07030303030303021
2000,0,100.0,0.0,0.022772246358163162,0.07016129032258055
2000,0,100.0,0.0,0.02272642694899176,0.07002012072434599
2000,0,100.0,0.0,0.02268079155351184,0.06987951807228907
2000,0,100.0,0.0,0.022635339065428705,0.06973947895791574
2000,0,100.0,0.0,0.022590068387297817,0.06959999999999991
2000,0,100.0,0.0,0.0225449784304369,0.06946107784431128
2000,0,100.0,0.0,0.022500068114838494,0.06932270916334653
2000,0,100.0,0.0,0.022455336369083312,0.06918489065606352
2000,0,100.0,0.0,0.022410782130255758,0.06904761904761895
2000,0,100.0,0.0,0.022366404343859052,0.06891089108910882
2000,0,100.0,0.0,0.022322201963733034,0.06877470355731216
2000,0,100.0,0.0,0.022278173951970237,0.06863905325443778
2000,0,100.0,0.0,0.022234319278836432,0.06850393700787392
2000,0,100.0,0.0,0.022190636922689442,0.06836935166994097
2000,0,100.0,0.0,0.022147125869899795,0.06823529411764696
2000,0,100.0,0.0,0.02210378511477283,0.06810176125244609
2000,0,100.0,0.0,0.02206061365947051,0.06796874999999991
2000,0,100.0,0.0,0.02201761051393549,0.06783625730994143
2000,0,100.0,0.0,0.02197477469581523,0.06770428015564194
2000,0,100.0,0.0,0.021932105230386228,0.0675728155339805
2000,0,100.0,0.0,0.02188960115048243,0.06744186046511619
2000,0,100.0,0.0,0.021847261496419607,0.06731141199226297
2000,0,100.0,0.0,0.021805085315924556,0.0671814671814671
2000,0,100.0,0.0,0.021763071664063466,0.0670520231213872
2000,0,100.0,0.0,0.021721219603170975,0.06692307692307684
2000,0,100.0,0.0,0.021679528202781014,0.06679462571976959
2000,0,100.0,0.0,0.021637996539557326,0.06666666666666658
2000,0,100.0,0.0,0.021596623697225408,0.06653919694072649
2000,0,100.0,0.0,0.02155540876650555,0.06641221374045793
2000,0,100.0,0.0,0.02151435084504555,0.0662857142857142
2000,0,100.0,0.0,0.02147344903735532,0.06615969581749041
2000,0,100.0,0.0,0.02143270245474178,0.06603415559772287
2000,0,100.0,0.0,0.021392110215244144,0.06590909090909082
2000,0,100.0,0.0,0.02135167144357071,0.06578449905482033
2000,0,100.0,0.0,0.0213113852710357,0.06566037735849048
2000,0,100.0,0.0,0.021271250835497045,0.06553672316384172
2000,0,100.0,0.0,0.021231267281294954,0.06541353383458638
2000,0,100.0,0.0,0.021191433759191157,0.0652908067542213
2000,0,100.0,0.0,0.021151749426308392,0.06516853932584261
2000,0,100.0,0.0,0.0211122134460728,0.06504672897196254
2000,0,100.0,0.0,0.021072824988150943,0.06492537313432828
2000,0,100.0,0.0,0.021033583228396536,0.06480446927374293
2000,0,100.0,0.0,0.020994487348789836,0.0646840148698884
2000,0,100.0,0.0,0.02095553653738202,0.06456400742115019
2000,0,100.0,0.0,0.020916729988238736,0.06444444444444436
2000,0,100.0,0.0,0.020878066901384322,0.06432532347504613
2000,0,100.0,0.0,0.020839546482747044,0.06420664206642059
2000,0,100.0,0.0,0.020801167944104755,0.06408839779005517
2000,0,100.0,0.0,0.020762930503031123,0.06397058823529403
2000,0,100.0,0.0,0.020724833382842072,0.06385321100917422
2000,0,100.0,0.0,0.020686875812544008,0.06373626373626365
2000,0,100.0,0.0,0.02064905702678047,0.06361974405850084
2000,0,100.0,0.0,0.020611376265782733,0.06350364963503641
2000,0,100.0,0.0,0.02057383277531677,0.06338797814207642
2000,0,100.0,0.0,0.02053642580663437,0.06327272727272719
2000,0,100.0,0.0,0.02049915461642263,0.06315789473684202
2000,0,100.0,0.0,0.020462018466755178,0.06304347826086948
2000,0,100.0,0.0,0.020425016625043244,0.06292947558770336
2000,0,100.0,0.0,0.02038814836398707,0.06281588447653422
2000,0,100.0,0.0,0.02035141296152957,0.06270270270270262
2000,0,100.0,0.0,0.020314809700807394,0.06258992805755388
2000,0,100.0,0.0,0.020278337870105738,0.062477558348294354
2000,0,100.0,0.0,0.02024199676281175,0.06236559139784938
2000,0,100.0,0.0,0.02020578567736844,0.06225402504472264
2000,0,100.0,0.0,0.02016970391723022,0.06214285714285706
2000,0,100.0,0.0,0.020133750790818014,0.062032085561497245
2000,0,100.0,0.0,0.020097925611474953,0.0619217081850533
2000,0,100.0,0.0,0.020062227697422705,0.061811722912966174
2000,0,100.0,0.0,0.020026656371717903,0.06170212765957439
2000,0,100.0,0.0,0.019991210962210442,0.06159292035398222
2000,0,100.0,0.0,0.019955890801499867,0.061484098939929246
2000,0,100.0,0.0,0.019920695226894016,0.0613756613756613
2000,0,100.0,0.0,0.019885623580367804,0.061267605633802735
2000,0,100.0,0.0,0.019850675208521733,0.061159929701230145
2000,0,100.0,0.0,0.01981584946254195,0.06105263157894729
2000,0,100.0,0.0,0.019781145698159235,0.06094570928196139
2000,0,100.0,0.0,0.019746563275609957,0.06083916083916076
2000,0,100.0,0.0,0.01971210155959669,0.06073298429319364
2000,0,100.0,0.0,0.019677759919248992,0.06062717770034835
2000,0,100.0,0.0,0.01964353772808505,0.0605217391304347
2000,0,100.0,0.0,0.019609434363973804,0.06041666666666659
2000,0,100.0,0.0,0.01957544920909692,0.060311958405545846
2000,0,100.0,0.0,0.01954158164991155,0.06020761245674733
2000,0,100.0,0.0,0.019507831077113857,0.060103626943005105
2000,0,100.0,0.0,0.01947419688560158,0.05999999999999992
2000,0,100.0,0.0,0.019440678474438786,0.05989672977624777
2000,0,100.0,0.0,0.019407275246819636,0.05979381443298961
2000,0,100.0,0.0,0.019373986610032434,0.05969125214408225
2000,0,100.0,0.0,0.019340811975426177,0.05958904109589033
2000,0,100.0,0.0,0.019307750758374223,0.05948717948717941
2000,0,100.0,0.0,0.019274802378240474,0.05938566552901016
2000,0,100.0,0.0,0.01924196625834566,0.059284497444633655
2000,0,100.0,0.0,0.01920924182593351,0.05918367346938768
2000,0,100.0,0.0,0.019176628512137396,0.05908319185059415
2000,0,100.0,0.0,0.019144125751947315,0.05898305084745755
2000,0,100.0,0.0,0.019111732984177513,0.05888324873096439
2000,0,100.0,0.0,0.01907944965143398,0.058783783783783704
2000,0,100.0,0.0,0.019047275200082422,0.05868465430016856
2000,0,100.0,0.0,0.019015209080217043,0.05858585858585851
2000,0,100.0,0.0,0.018983250745628417,0.058487394957983115
2000,0,100.0,0.0,0.018951399653773356,0.058389261744966364
2000,0,100.0,0.0,0.01891965526574357,0.058291457286432084
2000,0,100.0,0.0,0.01888801704623567,0.05819397993311029
2000,0,100.0,0.0,0.0188564844635208,0.0580968280467445
2000,0,100.0,0.0,0.01882505698941486,0.05799999999999993
2000,0,100.0,0.0,0.018793734099249424,0.05790349417637264
2000,0,100.0,0.0,0.018762515271842056,0.05780730897009959
2000,0,100.0,0.0,0.018731399989467545,0.05771144278606958
2000,0,100.0,0.0,0.01870038773782934,0.05761589403973502
2000,0,100.0,0.0,0.01866947800603124,0.05752066115702472
2000,0,100.0,0.0,0.018638670286549305,0.05742574257425735
2000,0,100.0,0.0,0.018607964075204122,0.05733113673805594
2000,0,100.0,0.0,0.018577358871133084,0.057236842105263086
2000,0,100.0,0.0,0.018546854176763394,0.057142857142857065
2000,0,100.0,0.0,0.018516449497785144,0.05704918032786878
2000,0,100.0,0.0,0.018486144343124244,0.05695581014729943
2000,0,100.0,0.0,0.018455938224916636,0.05686274509803914
2000,0,100.0,0.0,0.01842583065848109,0.05676998368678622
2000,0,100.0,0.0,0.018395821162294677,0.05667752442996735
2000,0,100.0,0.0,0.018365909257965662,0.05658536585365846
2000,0,100.0,0.0,0.01833609447020928,0.05649350649350642
2000,0,100.0,0.0,0.018306376326821572,0.056401944894651466
2000,0,100.0,0.0,0.018276754358655212,0.05631067961165041
2000,0,100.0,0.0,0.0182472280995944,0.056219709208400574
2000,0,100.0,0.0,0.018217797086530502,0.05612903225806444
2000,0,100.0,0.0,0.018188460859338017,0.056038647342995095
2000,0,100.0,0.0,0.018159218960850328,0.05594855305466231
2000,0,100.0,0.0,0.01813007093683616,0.05585874799357938
2000,0,100.0,0.0,0.018101016335975835,0.055769230769230696
2000,0,100.0,0.0,0.018072054709838244,0.055679999999999924
2000,0,100.0,0.0,0.018043185612857664,0.05559105431309897
2000,0,100.0,0.0,0.01801440860231082,0.05550239234449753
2000,0,100.0,0.0,0.01798572323829442,0.05541401273885343
2000,0,100.0,0.0,0.01795712908370255,0.05532591414944349
2000,0,100.0,0.0,0.017928625704204632,0.05523809523809516
2000,0,100.0,0.0,0.017900212668223347,0.055150554675118785
2000,0,100.0,0.0,0.01787188954691285,0.05506329113924043
2000,0,100.0,0.0,0.017843655914137283,0.054976303317535474
2000,0,100.0,0.0,0.01781551134644936,0.054889589905362704
2000,0,100.0,0.0,0.017787455423069098,0.05480314960629914
2000,0,100.0,0.0,0.01775948772586306,0.0547169811320754
2000,0,100.0,0.0,0.017731607839323326,0.054631083202511706
2000,0,100.0,0.0,0.0177038153505469,0.05454545454545447
2000,0,100.0,0.0,0.01767610984921576,0.054460093896713545
2000,0,100.0,0.0,0.01764849092757641,0.05437499999999993
2000,0,100.0,0.0,0.017620958180419498,0.0542901716068642
2000,0,100.0,0.0,0.017593511205060617,0.05420560747663544
2000,0,100.0,0.0,0.017566149601320254,0.054121306376360735
2000,0,100.0,0.0,0.017538872971504485,0.05403726708074527
2000,0,100.0,0.0,0.01751168092038591,0.053953488372092955
2000,0,100.0,0.0,0.017484573055184065,0.05386996904024761
2000,0,100.0,0.0,0.017457548985546936,0.05378670788253471
2000,0,100.0,0.0,0.017430608323532267,0.053703703703703635
2000,0,100.0,0.0,0.017403750683588452,0.0536209553158705
2000,0,100.0,0.0,0.017376975682536766,0.053538461538461465
2000,0,100.0,0.0,0.01735028293955285,0.053456221198156614
2000,0,100.0,0.0,0.017323672076148648,0.053374233128834284
2000,0,100.0,0.0,0.0172971427161545,0.05329249617151601
2000,0,100.0,0.0,0.01727069448570172,0.05321100917431186
2000,0,100.0,0.0,0.017244327013204462,0.05312977099236634
2000,0,100.0,0.0,0.01721803992934285,0.05304878048780481
2000,0,100.0,0.0,0.01719183286704554,0.052968036529680296
2000,0,100.0,0.0,0.01716570546147253,0.0528875379939209
2000,0,100.0,0.0,0.017139657349998366,0.052807283763277625
2000,0,100.0,0.0,0.01711368817219534,0.05272727272727266
2000,0,100.0,0.0,0.017087797569816744,0.05264750378214819
2000,0,100.0,0.0,0.017061985186780797,0.05256797583081564
2000,0,100.0,0.0,0.01703625066915398,0.05248868778280536
2000,0,100.0,0.0,0.01701059366513389,0.0524096385542168
2000,0,100.0,0.0,0.01698501382503598,0.0523308270676691
2000,0,100.0,0.0,0.016959510801274655,0.05225225225225218
2000,0,100.0,0.0,0.016934084248349204,0.052173913043478196
2000,0,100.0,0.0,0.01690873382282773,0.052095808383233466
2000,0,100.0,0.0,0.016883459183331718,0.05201793721973087
2000,0,100.0,0.0,0.016858259990520753,0.051940298507462616
2000,0,100.0,0.0,0.016833135907077353,0.051862891207153435
2000,0,100.0,0.0,0.016808086597691847,0.05178571428571422
2000,0,100.0,0.0,0.016783111729047662,0.05170876671619607
2000,0,100.0,0.0,0.01675821096980552,0.05163204747774474
2000,0,100.0,0.0,0.01673338399059101,0.051555555555555486
2000,0,100.0,0.0,0.016708630463977706,0.051479289940828336
2000,0,100.0,0.0,0.016683950064474,0.051403249630723714
2000,0,100.0,0.0,0.01665934246850872,0.051327433628318514
2000,0,100.0,0.0,0.016634807354416897,0.05125184094256253
2000,0,100.0,0.0,0.01661034440242489,0.051176470588235226
2000,0,100.0,0.0,0.016585953294638647,0.05110132158590302
2000,0,100.0,0.0,0.01656163371502775,0.05102639296187677
2000,0,100.0,0.0,0.016537385349412417,0.050951683748169774
2000,0,100.0,0.0,0.016513207885451586,0.050877192982456076
2000,0,100.0,0.0,0.016489101012626215,0.05080291970802913
2000,0,100.0,0.0,0.016465064422228753,0.05072886297376087
2000,0,100.0,0.0,0.016441097807349193,0.05065502183406107
2000,0,100.0,0.0,0.01641720086286176,0.05058139534883714
2000,0,100.0,0.0,0.016393373285412086,0.050507982583454215
2000,0,100.0,0.0,0.01636961477340417,0.050434782608695584
2000,0,100.0,0.0,0.016345925026988287,0.05036179450072353
2000,0,100.0,0.0,0.016322303748047544,0.050289017341040396
2000,0,100.0,0.0,0.016298750640186023,0.05021645021645015
2000,0,100.0,0.0,0.01627526540871601,0.05014409221902011
2000,0,100.0,0.0,0.01625184776064595,0.0500719424460431
2000,0,100.0,0.0,0.016228497404667967,0.04999999999999993
2000,0,100.0,0.0,0.016205214051146243,0.049928263988522174
2000,0,100.0,0.0,0.016181997412104476,0.04985673352435523
2000,0,100.0,0.0,0.01615884720121447,0.04978540772532182
2000,0,100.0,0.0,0.01613576313378417,0.04971428571428565
2000,0,100.0,0.0,0.016112744926745977,0.04964336661911548
2000,0,100.0,0.0,0.016089792298645204,0.04957264957264951
2000,0,100.0,0.0,0.016066904969628606,0.04950213371265996
2000,0,100.0,0.0,0.016044082661433125,0.04943181818181812
2000,0,100.0,0.0,0.016021325097374344,0.04936170212765951
2000,0,100.0,0.0,0.01599863200233558,0.04929178470254951
2000,0,100.0,0.0,0.01597600310275659,0.04922206506364916
2000,0,100.0,0.0,0.01595343812662276,0.04915254237288129
2000,0,100.0,0.0,0.015930936803454008,0.04908321579689697
2000,0,100.0,0.0,0.015908498864294095,0.04901408450704219
2000,0,100.0,0.0,0.015886124041700294,0.048945147679324834
2000,0,100.0,0.0,0.01586381206973131,0.04887640449438196
2000,0,100.0,0.0,0.015841562683939596,0.04880785413744734
2000,0,100.0,0.0,0.01581937562135719,0.048739495798319266
2000,0,100.0,0.0,0.015797250620487976,0.04867132867132861
2000,0,100.0,0.0,0.01577518742129735,0.0486033519553072
2000,0,100.0,0.0,0.015753185765200725,0.04853556485355642
2000,0,100.0,0.0,0.015731245395054185,0.04846796657381609
2000,0,100.0,0.0,0.01570936605514452,0.0484005563282336
2000,0,100.0,0.0,0.015687547491179076,0.04833333333333327
2000,0,100.0,0.0,0.015665789450275896,0.048266296809986065
2000,0,100.0,0.0,0.015644091680954198,0.04819944598337944
2000,0,100.0,0.0,0.015622453933124582,0.04813278008298749
2000,0,100.0,0.0,0.015600875958078627,0.04806629834254137
2000,0,100.0,0.0,0.015579357508481257,0.04799999999999994
2000,0,100.0,0.0,0.015557898338359372,0.0479338842975206
2000,0,100.0,0.0,0.015536498203093402,0.04786795048143047
2000,0,100.0,0.0,0.01551515685940788,0.047802197802197736
2000,0,100.0,0.0,0.01549387406536205,0.04773662551440323
2000,0,100.0,0.0,0.015472649580340975,0.047671232876712266
2000,0,100.0,0.0,0.015451483165046392,0.04760601915184672
2000,0,100.0,0.0,0.015430374581487586,0.04754098360655731
2000,0,100.0,0.0,0.015409323592972632,0.04747612551159612
2000,0,100.0,0.0,0.015388329964099355,0.04741144414168931
2000,0,100.0,0.0,0.01536739346074683,0.04734693877551014
2000,0,100.0,0.0,0.015346513850066463,0.04728260869565211
2000,0,100.0,0.0,0.015325690900473449,0.04721845318860238
2000,0,100.0,0.0,0.015304924381638062,0.04715447154471539
2000,0,100.0,0.0,0.015284214064477544,0.047090663058186676
2000,0,100.0,0.0,0.015263559721147183,0.04702702702702696
2000,0,100.0,0.0,0.015242961125032229,0.04696356275303638
2000,0,100.0,0.0,0.015222418050739752,0.046900269541778915
2000,0,100.0,0.0,0.015201930274090066,0.04683714670255714
2000,0,100.0,0.0,0.015181497572108727,0.046774193548387036
2000,0,100.0,0.0,0.015161119723018665,0.04671140939597309
2000,0,100.0,0.0,0.015140796506231789,0.046648793565683584
2000,0,100.0,0.0,0.015120527702341244,0.04658634538152604
2000,0,100.0,0.0,0.015100313093113502,0.04652406417112293
2000,0,100.0,0.0,0.015080152461480522,0.04646194926568752
2000,0,100.0,0.0,0.015060045591531871,0.04639999999999994
2000,0,100.0,0.0,0.015039992268507201,0.046338215712383425
2000,0,100.0,0.0,0.015019992278788426,0.04627659574468079
2000,0,100.0,0.0,0.015000045409892346,0.04621513944223102
2000,0,100.0,0.0,0.014980151450462682,0.046153846153846094
2000,0,100.0,0.0,0.014960310190263455,0.04609271523178802
2000,0,100.0,0.0,0.01494052142017056,0.04603174603174597
2000,0,100.0,0.0,0.014920784932165029,0.045970937912813675
2000,0,100.0,0.0,0.014901100519325722,0.045910290237466955
2000,0,100.0,0.0,0.01488146797582203,0.045849802371541445
2000,0,100.0,0.0,0.014861887096906477,0.04578947368421046
2000,0,100.0,0.0,0.014842357678907894,0.045729303547963146
2000,0,100.0,0.0,0.014822879519224265,0.045669291338582614
2000,0,100.0,0.0,0.014803452416315753,0.04560943643512445
2000,0,100.0,0.0,0.01478407616969752,0.045549738219895226
2000,0,100.0,0.0,0.014764750579933265,0.045490196078431314
2000,0,100.0,0.0,0.0147454754486278,0.045430809399477745
2000,0,100.0,0.0,0.014726250578421045,0.04537157757496735
2000,0,100.0,0.0,0.014707075772980353,0.04531249999999994
2000,0,100.0,0.0,0.014687950836994694,0.04525357607282179
2000,0,100.0,0.0,0.014668875576167396,0.045194805194805135
2000,0,100.0,0.0,0.014649849797210224,0.04513618677042796
2000,0,100.0,0.0,0.014630873307835364,0.04507772020725383
2000,0,100.0,0.0,0.014611945916751457,0.04501940491591197
2000,0,100.0,0.0,0.01459306743365493,0.04496124031007746
2000,0,100.0,0.0,0.014574237669224388,0.044903225806451556
2000,0,100.0,0.0,0.014555456435114621,0.04484536082474221
2000,0,100.0,0.0,0.014536723543949687,0.04478764478764473
2000,0,100.0,0.0,0.014518038809317388,0.04473007712082256
2000,0,100.0,0.0,0.01449940204576238,0.04467265725288826
2000,0,100.0,0.0,0.014480813068780629,0.04461538461538456
2000,0,100.0,0.0,0.014462271694812937,0.04455825864276563
2000,0,100.0,0.0,0.01444377774123901,0.04450127877237846
2000,0,100.0,0.0,0.014425331026371538,0.044444444444444384
2000,0,100.0,0.0,0.014406931369450137,0.04438775510204076
2000,0,100.0,0.0,0.014388578590635545,0.04433121019108274
2000,0,100.0,0.0,0.014370272511003706,0.04427480916030529
2000,0,100.0,0.0,0.01435201295253992,0.044218551461245176
2000,0,100.0,0.0,0.014333799738133122,0.04416243654822329
2000,0,100.0,0.0,0.014315632691570226,0.04410646387832694
2000,0,100.0,0.0,0.014297511637530281,0.04405063291139235
2000,0,100.0,0.0,0.01427943640157892,0.0439949431099873
2000,0,100.0,0.0,0.01426140681016278,0.04393939393939388
2000,0,100.0,0.0,0.01424342269060393,0.04388398486759137
2000,0,100.0,0.0,0.014225483871094072,0.04382871536523924
2000,0,100.0,0.0,0.014207590180690424,0.04377358490566032
2000,0,100.0,0.0,0.014189741449307685,0.04371859296482406
2000,0,100.0,0.0,0.01417193750771504,0.04366373902132993
2000,0,100.0,0.0,0.01415417818752997,0.043609022556390924
2000,0,100.0,0.0,0.014136463321212678,0.04355444305381721
2000,0,100.0,0.0,0.01411879274206117,0.04349999999999994
2000,0,100.0,0.0,0.01410116628420594,0.043445692883895076
2000,0,100.0,0.0,0.014083583782604598,0.04339152119700743
2000,0,100.0,0.0,0.01406604507303726,0.04333748443337479
2000,0,100.0,0.0,0.014048549992100659,0.04328358208955218
2000,0,100.0,0.0,0.014031098377203627,0.04322981366459622
2000,0,100.0,0.0,0.014013690066561913,0.04317617866004957
2000,0,100.0,0.0,0.013996324899193212,0.04312267657992559
2000,0,100.0,0.0,0.01397900271491204,0.04306930693069301
2000,0,100.0,0.0,0.013961723354325004,0.04301606922126076
2000,0,100.0,0.0,0.013944486658825821,0.042962962962962904
2000,0,100.0,0.0,0.013927292470590508,0.042909987669543716
2000,0,100.0,0.0,0.013910140632572548,0.0428571428571428
2000,0,100.0,0.0,0.013893030988498,0.04280442804428038
2000,0,100.0,0.0,0.013875963382861047,0.0427518427518427
2000,0,100.0,0.0,0.013858937660918901,0.04269938650306743
2000,0,100.0,0.0,0.01384195366868738,0.04264705882352936
2000,0,100.0,0.0,0.013825011252936264,0.042594859241126014
2000,0,100.0,0.0,0.013808110261184486,0.04254278728606351
2000,0,100.0,0.0,0.013791250541696075,0.04249084249084244
2000,0,100.0,0.0,0.013774431943474245,0.04243902439024385
2000,0,100.0,0.0,0.01375765431625934,0.042387332521315414
2000,0,100.0,0.0,0.01374091751052178,0.04233576642335761
2000,0,100.0,0.0,0.013724221377459203,0.04228432563791003
2000,0,100.0,0.0,0.013707565768991377,0.042233009708737806
2000,0,100.0,0.0,0.013690950537756232,0.042181818181818126
2000,0,100.0,0.0,0.01367437553710521,0.042130750605326825
2000,0,100.0,0.0,0.013657840621099067,0.0420798065296251
2000,0,100.0,0.0,0.01364134564450355,0.04202898550724632
2000,0,100.0,0.0,0.013624890462785146,0.041978287092882934
2000,0,100.0,0.0,0.01360847493210714,0.04192771084337344
2000,0,100.0,0.0,0.013592098909324874,0.041877256317689474
2000,0,100.0,0.0,0.013575762251981871,0.041826923076923025
2000,0,100.0,0.0,0.013559464818306003,0.04177671068427365
2000,0,100.0,0.0,0.013543206467204924,0.04172661870503592
2000,0,100.0,0.0,0.01352698705826219,0.04167664670658677
2000,0,100.0,0.0,0.01351080645173312,0.04162679425837315
2000,0,100.0,0.0,0.013494664508541105,0.041577060931899584
2000,0,100.0,0.0,0.013478561090273166,0.041527446300715934
2000,0,100.0,0.0,0.013462496059176295,0.04147794994040519
2000,0,100.0,0.0,0.013446469278153482,0.04142857142857138
2000,0,100.0,0.0,0.013430480610759717,0.04137931034482753
2000,0,100.0,0.0,0.013414529921198187,0.04133016627078379
2000,0,100.0,0.0,0.01339861707431663,0.04128113879003553
2000,0,100.0,0.0,0.01338274193560292,0.041232227488151606
2000,0,100.0,0.0,0.013366904371182176,0.04118343195266267
2000,0,100.0,0.0,0.01335110424781199,0.041134751773049594
2000,0,100.0,0.0,0.01333534143287947,0.04108618654073194
2000,0,100.0,0.0,0.013319615794397279,0.04103773584905655
2000,0,100.0,0.0,0.013303927200999934,0.04098939929328617
2000,0,100.0,0.0,0.013288275521939901,0.04094117647058818
2000,0,100.0,0.0,0.013272660627084485,0.04089306698002345
2000,0,100.0,0.0,0.013257082386911827,0.04084507042253516
2000,0,100.0,0.0,0.013241540672507513,0.04079718640093781
2000,0,100.0,0.0,0.013226035355560833,0.04074941451990627
2000,0,100.0,0.0,0.013210566308361295,0.04070175438596486
2000,0,100.0,0.0,0.013195133403795445,0.04065420560747658
2000,0,100.0,0.0,0.013179736515342946,0.04060676779463238
2000,0,100.0,0.0,0.013164375517073328,0.0405594405594405
2000,0,100.0,0.0,0.013149050283642522,0.040512223515715894
2000,0,100.0,0.0,0.013133760690289412,0.040465116279069714
2000,0,100.0,0.0,0.01311850661283267,0.040418118466898904
2000,0,100.0,0.0,0.013103287927666955,0.04037122969837582
2000,0,100.0,0.0,0.01308810451176004,0.040324449594437956
2000,0,100.0,0.0,0.01307295624264919,0.040277777777777725
2000,0,100.0,0.0,0.01305784299843806,0.040231213872832315
2000,0,100.0,0.0,0.013042764657793233,0.04018475750577362
2000,0,100.0,0.0,0.01302772109994107,0.04013840830449822
2000,0,100.0,0.0,0.013012712204664663,0.04009216589861746
2000,0,100.0,0.0,0.01299773785230026,0.04004602991944759
2000,0,100.0,0.0,0.012982797923734385,0.039999999999999945
2000,0,100.0,0.0,0.012967892300400607,0.039954075774971246
2000,0,100.0,0.0,0.012953020864276273,0.03990825688073389
2000,0,100.0,0.0,0.012938183497879821,0.03986254295532641
2000,0,100.0,0.0,0.01292338008426648,0.03981693363844389
2000,0,100.0,0.0,0.01290861050702731,0.03977142857142852
2000,0,100.0,0.0,0.012893874650284161,0.03972602739726022
2000,0,100.0,0.0,0.012879172398687454,0.03968072976054727
2000,0,100.0,0.0,0.012864503637413325,0.03963553530751703
2000,0,100.0,0.0,0.012849868252160326,0.039590443686006775
2000,0,100.0,0.0,0.012835266129146492,0.039545454545454495
2000,0,100.0,0.0,0.01282069715510661,0.039500567536889845
2000,0,100.0,0.0,0.012806161217289036,0.03945578231292512
2000,0,100.0,0.0,0.0127916582034529,0.03941109852774627
2000,0,100.0,0.0,0.012777188001865405,0.03936651583710402
2000,0,100.0,0.0,0.012762750501298185,0.039322033898305034
2000,0,100.0,0.0,0.012748345591025865,0.03927765237020311
2000,0,100.0,0.0,0.012733973160821779,0.03923337091319048
2000,0,100.0,0.0,0.012719633100955991,0.039189189189189136
2000,0,100.0,0.0,0.012705325302192233,0.03914510686164224
2000,0,100.0,0.0,0.01269104965578532,0.03910112359550557
2000,0,100.0,0.0,0.012676806053478006,0.039057239057239006
2000,0,100.0,0.0,0.012662594387498794,0.03901345291479816
2000,0,100.0,0.0,0.012648414550558715,0.03896976483762593
2000,0,100.0,0.0,0.012634266435848874,0.03892617449664425
2000,0,100.0,0.0,0.01262014993703796,0.03888268156424576
2000,0,100.0,0.0,0.012606064948268875,0.038839285714285667
2000,0,100.0,0.0,0.01259201136415707,0.03879598662207353
2000,0,100.0,0.0,0.012577989079787213,0.038752783964365205
2000,0,100.0,0.0,0.01256399799071068,0.038709677419354785
2000,0,100.0,0.0,0.01255003799294325,0.03866666666666661
2000,0,100.0,0.0,0.012536108982962181,0.03862375138734734
2000,0,100.0,0.0,0.012522210857703879,0.038580931263858045
2000,0,100.0,0.0,0.012508343514561357,0.038538205980066395
2000,0,100.0,0.0,0.012494506851381431,0.038495575221238885
2000,0,100.0,0.0,0.012480700766462894,0.0384530386740331
2000,0,100.0,0.0,0.012466925158552881,0.03841059602649002
2000,0,100.0,0.0,0.012453179926845559,0.03836824696802641
2000,0,100.0,0.0,0.012439464970978989,0.03832599118942726
2000,0,100.0,0.0,0.012425780191032913,0.03828382838283823
2000,0,100.0,0.0,0.012412125487526269,0.03824175824175819
2000,0,100.0,0.0,0.012398500761414844,0.038199780461031785
2000,0,100.0,0.0,0.012384905914088723,0.03815789473684206
2000,0,100.0,0.0,0.012371340847370117,0.038116100766703125
2000,0,100.0,0.0,0.012357805463510839,0.038074398249452905
2000,0,100.0,0.0,0.012344299665190022,0.038032786885245855
2000,0,100.0,0.0,0.01233082335551189,0.0379912663755458
2000,0,100.0,0.0,0.012317376438003182,0.03794983642311882
2000,0,100.0,0.0,0.012303958816611064,0.03790849673202609
2000,0,100.0,0.0,0.012290570395700667,0.03786724700761693
2000,0,100.0,0.0,0.01227721108005316,0.03782608695652169
2000,0,100.0,0.0,0.012263880774863086,0.0377850162866449
2000,0,100.0,0.0,0.012250579385736341,0.0377440347071583
2000,0,100.0,0.0,0.012237306818687867,0.03770314192849399
2000,0,100.0,0.0,0.012224062980139526,0.03766233766233761
2000,0,100.0,0.0,0.012210847776917725,0.037621621621621575
2000,0,100.0,0.0,0.012197661116251519,0.03758099352051831
2000,0,100.0,0.0,0.012184502905770132,0.037540453074433607
2000,0,100.0,0.0,0.012171373053500904,0.03749999999999995
2000,0,100.0,0.0,0.012158271467867545,0.037459634015069916
2000,0,100.0,0.0,0.01214519805768702,0.03741935483870963
2000,0,100.0,0.0,0.012132152732168533,0.037379162191192215
2000,0,100.0,0.0,0.012119135400910832,0.03733905579399137
2000,0,100.0,0.0,0.012106145973900197,0.03729903536977487
2000,0,100.0,0.0,0.012093184361508467,0.037259100642398235
2000,0,100.0,0.0,0.012080250474490826,0.037219251336898344
2000,0,100.0,0.0,0.012067344223983955,0.03717948717948713
2000,0,100.0,0.0,0.012054465521503634,0.037139807897545306
2000,0,100.0,0.0,0.01204161427894342,0.03710021321961616
2000,0,100.0,0.0,0.012028790408571816,0.03706070287539931
2000,0,100.0,0.0,0.012015993823030759,0.03702127659574463
2000,0,100.0,0.0,0.012003224435333595,0.036981934112646074
2000,0,100.0,0.0,0.011990482158862975,0.03694267515923562
2000,0,100.0,0.0,0.011977766907368941,0.03690349946977726
2000,0,100.0,0.0,0.011965078594967059,0.03686440677966097
2000,0,100.0,0.0,0.011952417136136415,0.036825396825396775
2000,0,100.0,0.0,0.011939782445717653,0.03678646934460883
2000,0,100.0,0.0,0.01192717443891119,0.036747624076029516
2000,0,100.0,0.0,0.0119145930312752,0.036708860759493624
2000,0,100.0,0.0,0.011902038138723817,0.03667017913593251
2000,0,100.0,0.0,0.011889509677525197,0.036631578947368376
2000,0,100.0,0.0,0.011877007564299588,0.03659305993690847
2000,0,100.0,0.0,0.011864531716017809,0.03655462184873945
2000,0,100.0,0.0,0.011852082049998866,0.03651626442812167
2000,0,100.0,0.0,0.011839658483908716,0.0364779874213836
2000,0,100.0,0.0,0.011827260935758034,0.03643979057591618
2000,0,100.0,0.0,0.011814889323900546,0.03640167364016732
2000,0,100.0,0.0,0.011802543567031261,0.03636363636363631
2000,0,100.0,0.0,0.011790223584184687,0.03632567849686843
2000,0,100.0,0.0,0.011777929294732923,0.03628779979144938
2000,0,100.0,0.0,0.011765660618384296,0.036249999999999956
2000,0,100.0,0.0,0.011753417475180938,0.03621227887617061
2000,0,100.0,0.0,0.011741199785497815,0.03617463617463613
2000,0,100.0,0.0,0.011729007470040395,0.03613707165109029
2000,0,100.0,0.0,0.011716840449843379,0.03609958506224062
2000,0,100.0,0.0,0.011704698646268333,0.03606217616580306
2000,0,100.0,0.0,0.011692581981003024,0.03602484472049685
2000,0,100.0,0.0,0.011680490376058861,0.03598759048603925
2000,0,100.0,0.0,0.01166842375376954,0.03595041322314045
2000,0,100.0,0.0,0.011656382036789365,0.03591331269349841
2000,0,100.0,0.0,0.011644365148091676,0.03587628865979377
2000,0,100.0,0.0,0.011632373010966942,0.035839340885684814
2000,0,100.0,0.0,0.011620405549021509,0.03580246913580242
2000,0,100.0,0.0,0.011608462686175618,0.03576567317574507
2000,0,100.0,0.0,0.01159654434666215,0.03572895277207388
2000,0,100.0,0.0,0.011584650455024522,0.03569230769230765
2000,0,100.0,0.0,0.011572780936115683,0.035655737704917985
2000,0,100.0,0.0,0.011560935715096135,0.03561924257932442
2000,0,100.0,0.0,0.011549114717432415,0.035582822085889525
2000,0,100.0,0.0,0.011537317868895699,0.03554647599591415
2000,0,100.0,0.0,0.01152554509556011,0.03551020408163261
2000,0,100.0,0.0,0.011513796323801166,0.03547400611620791
2000,0,100.0,0.0,0.011502071480294205,0.03543788187372704
2000,0,100.0,0.0,0.011490370492013107,0.035401831129196294
2000,0,100.0,0.0,0.011478693286228577,0.03536585365853654
2000,0,100.0,0.0,0.011467039790506516,0.035329949238578635
2000,0,100.0,0.0,0.011455409932706823,0.035294117647058774
2000,0,100.0,0.0,0.011443803640981652,0.03525835866261393
2000,0,100.0,0.0,0.011432220843774203,0.035222672064777284
2000,0,100.0,0.0,0.011420661469816904,0.035187057633973666
2000,0,100.0,0.0,0.011409125448130206,0.03515151515151511
2000,0,100.0,0.0,0.011397612708021103,0.03511604439959632
2000,0,100.0,0.0,0.011386123179081581,0.03508064516129027
2000,0,100.0,0.0,0.01137465679118726,0.03504531722054376
2000,0,100.0,0.0,0.011363213474495882,0.035010060362172996
2000,0,100.0,0.0,0.011351793159446176,0.03497487437185925
2000,0,100.0,0.0,0.011340395776755921,0.03493975903614453
2000,0,100.0,0.0,0.011329021257421197,0.03490471414242723
2000,0,100.0,0.0,0.011317669532714354,0.03486973947895787
2000,0,100.0,0.0,0.011306340534183112,0.03483483483483479
2000,0,100.0,0.0,0.011295034193648905,0.034799999999999956
2000,0,100.0,0.0,0.011283750443205696,0.03476523476523472
2000,0,100.0,0.0,0.011272489215218458,0.03473053892215564
2000,0,100.0,0.0,0.011261250442321949,0.034695912263210324
2000,0,100.0,0.0,0.011250034057419244,0.034661354581673263
2000,0,100.0,0.0,0.011238839993680487,0.03462686567164175
2000,0,100.0,0.0,0.01122766818454165,0.03459244532803176
2000,0,100.0,0.0,0.01121651856370301,0.034558093346573934
2000,0,100.0,0.0,0.011205391065127874,0.03452380952380948
2000,0,100.0,0.0,0.011194285623041526,0.034489593657086176
2000,0,100.0,0.0,0.011183202171929557,0.03445544554455441
2000,0,100.0,0.0,0.011172140646537,0.03442136498516316
2000,0,100.0,0.0,0.01116110098186651,0.03438735177865608
2000,0,100.0,0.0,0.011150083113177707,0.034353405725567575
2000,0,100.0,0.0,0.011139086975985124,0.03431952662721889
2000,0,100.0,0.0,0.011128112506058066,0.03428571428571424
2000,0,100.0,0.0,0.011117159639418218,0.03425196850393696
2000,0,100.0,0.0,0.011106228312339166,0.03421828908554568
2000,0,100.0,0.0,0.011095318461344723,0.034184675834970486
2000,0,100.0,0.0,0.011084430023207976,0.03415112855740918
2000,0,100.0,0.0,0.011073562934949892,0.03411764705882348
2000,0,100.0,0.0,0.01106271713383831,0.03408423114593531
2000,0,100.0,0.0,0.011051892557386415,0.034050880626223044
2000,0,100.0,0.0,0.011041089143351826,0.03401759530791784
2000,0,100.0,0.0,0.011030306829735256,0.033984374999999956
2000,0,100.0,0.0,0.01101954555477937,0.033951219512195076
2000,0,100.0,0.0,0.011008805256967746,0.033918128654970715
2000,0,100.0,0.0,0.010998085875023274,0.033885102239532575
2000,0,100.0,0.0,0.010987387347907612,0.03385214007782097
2000,0,100.0,0.0,0.01097670961481916,0.03381924198250724
2000,0,100.0,0.0,0.010966052615193114,0.03378640776699025
2000,0,100.0,0.0,0.010955416288699251,0.03375363724539278
2000,0,100.0,0.0,0.010944800575241217,0.033720930232558094
2000,0,100.0,0.0,0.010934205414955387,0.033688286544046424
2000,0,100.0,0.0,0.010923630748209802,0.033655705996131484
2000,0,100.0,0.0,0.010913076515602818,0.03362318840579706
2000,0,100.0,0.0,0.01090254265796228,0.03359073359073355
2000,0,100.0,0.0,0.01089202911634418,0.033558341369334575
2000,0,100.0,0.0,0.01088153583203174,0.0335260115606936
2000,0,100.0,0.0,0.010871062746534097,0.03349374398460053
2000,0,100.0,0.0,0.010860609801585482,0.03346153846153842
2000,0,100.0,0.0,0.010850176939143998,0.03342939481268007
2000,0,100.0,0.0,0.0108397641013905,0.033397312859884794
2000,0,100.0,0.0,0.010829371230727636,0.03336529242569507
2000,0,100.0,0.0,0.010818998269778671,0.03333333333333329
2000,0,100.0,0.0,0.010808645161386486,0.03330143540669852
2000,0,100.0,0.0,0.01079831184861271,0.033269598470363246
2000,0,100.0,0.0,0.010787998274736296,0.03323782234957016
2000,0,100.0,0.0,0.01077770438325279,0.033206106870228964
2000,0,100.0,0.0,0.01076743011787312,0.033174451858913205
2000,0,100.0,0.0,0.010757175422522771,0.0331428571428571
2000,0,100.0,0.0,0.010746940241340552,0.03311132254995238
2000,0,100.0,0.0,0.010736724518677652,0.03307984790874521
2000,0,100.0,0.0,0.010726528199096782,0.033048433048433
2000,0,100.0,0.0,0.010716351227370885,0.033017077798861434
2000,0,100.0,0.0,0.010706193548482387,0.03298578199052128
2000,0,100.0,0.0,0.010696055107622072,0.03295454545454541
2000,0,100.0,0.0,0.010685935850188172,0.03292336802270573
2000,0,100.0,0.0,0.010675835721785359,0.03289224952741016
2000,0,100.0,0.0,0.01066575466822371,0.03286118980169967
2000,0,100.0,0.0,0.010655692635517853,0.03283018867924524
2000,0,100.0,0.0,0.01064564956988586,0.03279924599434492
2000,0,100.0,0.0,0.010635625417748524,0.03276836158192086
2000,0,100.0,0.0,0.010625620125728062,0.03273753527751642
2000,0,100.0,0.0,0.010615633640647474,0.03270676691729319
2000,0,100.0,0.0,0.010605665909529525,0.03267605633802813
2000,0,100.0,0.0,0.010595716879595582,0.03264540337711065
2000,0,100.0,0.0,0.010585786498265139,0.032614807872539786
2000,0,100.0,0.0,0.010575874713154196,0.03258426966292131
2000,0,100.0,0.0,0.010565981472075684,0.032553788587464876
2000,0,100.0,0.0,0.010556106723036399,0.03252336448598127
2000,0,100.0,0.0,0.010546250414238156,0.03249299719887951
2000,0,100.0,0.0,0.010536412494075468,0.032462686567164147
2000,0,100.0,0.0,0.010526592911135989,0.0324324324324324
2000,0,100.0,0.0,0.010516791614198264,0.032402234636871474
2000,0,100.0,0.0,0.01050700855223155,0.03237209302325578
2000,0,100.0,0.0,0.010497243674394911,0.032342007434944205
2000,0,100.0,0.0,0.01048749693003612,0.032311977715877405
2000,0,100.0,0.0,0.010477768268691012,0.0322820037105751
2000,0,100.0,0.0,0.010468057640082414,0.03225208526413342
2000,0,100.0,0.0,0.010458364994119368,0.03222222222222219
2000,0,100.0,0.0,0.010448690280896322,0.0321924144310823
2000,0,100.0,0.0,0.01043903345069216,0.03216266173752307
2000,0,100.0,0.0,0.010429394453969456,0.032132963988919634
2000,0,100.0,0.0,0.010419773241373524,0.0321033210332103
2000,0,100.0,0.0,0.010410169763731703,0.03207373271889397
2000,0,100.0,0.0,0.010400583972052381,0.03204419889502759
2000,0,100.0,0.0,0.010391015817524284,0.03201471941122352
2000,0,100.0,0.0,0.01038146525151556,0.03198529411764702
2000,0,100.0,0.0,0.01037193222557293,0.03195592286501374
2000,0,100.0,0.0,0.01036241669142104,0.03192660550458712
2000,0,100.0,0.0,0.01035291860096143,0.03189734188817595
2000,0,100.0,0.0,0.010343437906272,0.03186813186813183
2000,0,100.0,0.0,0.010333974559605592,0.031838975297346715
2000,0,100.0,0.0,0.010324528513390234,0.031809872029250424
2000,0,100.0,0.0,0.010315099720227313,0.031780821917808184
2000,0,100.0,0.0,0.010305688132891368,0.03175182481751821
2000,0,100.0,0.0,0.010296293704329003,0.03172288058340926
2000,0,100.0,0.0,0.010286916387658381,0.031693989071038216
2000,0,100.0,0.0,0.010277556136168226,0.03166515013648768
2000,0,100.0,0.0,0.010268212903317173,0.0316363636363636
2000,0,100.0,0.0,0.010258886642732876,0.03160762942779288
2000,0,100.0,0.0,0.010249577308211315,0.03157894736842102
2000,0,100.0,0.0,0.01024028485371612,0.031550317316409754
2000,0,100.0,0.0,0.010231009233377589,0.031521739130434746
2000,0,100.0,0.0,0.010221750401492265,0.031493212669683225
2000,0,100.0,0.0,0.010212508312521634,0.031464737793851685
2000,0,100.0,0.0,0.01020328292109207,0.0314363143631436
2000,0,100.0,0.0,0.010194074181993534,0.031407942238267116
2000,0,100.0,0.0,0.010184882050179363,0.031379621280432785
2000,0,100.0,0.0,0.010175706480764784,0.03135135135135131
2000,0,100.0,0.0,0.010166547429026935,0.031323132313231285
2000,0,100.0,0.0,0.010157404850403697,0.03129496402877694
2000,0,100.0,0.0,0.010148278700493183,0.03126684636118594
2000,0,100.0,0.0,0.010139168935052867,0.031238779174147177
2000,0,100.0,0.0,0.010130075509999005,0.031210762331838525
2000,0,100.0,0.0,0.010120998381405868,0.03118279569892469
2000,0,100.0,0.0,0.010111937505504839,0.03115487914055502
2000,0,100.0,0.0,0.010102892838684211,0.03112701252236132
2000,0,100.0,0.0,0.010093864337487827,0.031099195710455725
2000,0,100.0,0.0,0.010084851958615113,0.03107142857142853
2000,0,100.0,0.0,0.010075855658919648,0.031043710972346077
2000,0,100.0,0.0,0.010066875395409009,0.031016042780748623
2000,0,100.0,0.0,0.010057911125243913,0.030988423864648222
2000,0,100.0,0.0,0.010048962805737475,0.03096085409252665
2000,0,100.0,0.0,0.010040030394354605,0.030933333333333292
2000,0,100.0,0.0,0.010031113848711352,0.030905861456483087
2000,0,100.0,0.0,0.010022213126574033,0.03087843833185444
2000,0,100.0,0.0,0.010013328185858952,0.030851063829787195
2000,0,100.0,0.0,0.01000445898463142,0.03082373782108056
2000,0,100.0,0.0,0.009995605481105221,0.03079646017699111
2000,0,100.0,0.0,0.009986767633641843,0.03076923076923073
2000,0,100.0,0.0,0.009977945400749937,0.030742049469964623
2000,0,100.0,0.0,0.009969138741084651,0.030714916151809317
2000,0,100.0,0.0,0.00996034761344701,0.03068783068783065
2000,0,100.0,0.0,0.009951571976783194,0.03066079295154181
2000,0,100.0,0.0,0.0099428117901839,0.030633802816901368
2000,0,100.0,0.0,0.009934067012883824,0.030606860158311305
2000,0,100.0,0.0,0.009925337604260866,0.030579964850615073
2000,0,100.0,0.0,0.009916623523835714,0.030553116769095657
2000,0,100.0,0.0,0.009907924731270976,0.030526315789473644
2000,0,100.0,0.0,0.009899241186370653,0.030499561787905305
2000,0,100.0,0.0,0.00989057284907962,0.030472854640980696
2000,0,100.0,0.0,0.009881919679482851,0.030446194225721746
2000,0,100.0,0.0,0.009873281637804977,0.03041958041958038
2000,0,100.0,0.0,0.009864658684409484,0.03039301310043664
2000,0,100.0,0.0,0.00985605077979835,0.03036649214659682
2000,0,100.0,0.0,0.009847457884611083,0.03034001743679159
2000,0,100.0,0.0,0.0098388799596245,0.030313588850174177
2000,0,100.0,0.0,0.009830316965751863,0.0302872062663185
2000,0,100.0,0.0,0.009821768864042525,0.03026086956521735
2000,0,100.0,0.0,0.00981323561568106,0.030234578627280587
2000,0,100.0,0.0,0.009804717181986904,0.030208333333333295
2000,0,100.0,0.0,0.009796213524413669,0.03018213356461401
2000,0,100.0,0.0,0.00978772460454846,0.030155979202772923
2000,0,100.0,0.0,0.009779250384111624,0.03012987012987009
2000,0,100.0,0.0,0.009770790824955772,0.030103806228373664
2000,0,100.0,0.0,0.009762345889065617,0.030077787381158128
2000,0,100.0,0.0,0.009753915538556928,0.030051813471502552
2000,0,100.0,0.0,0.009745499735676368,0.03002588438308883
2000,0,100.0,0.0,0.009737098442800789,0.02999999999999996
2000,0,100.0,0.0,0.009728711622436631,0.029974160206718305
2000,0,100.0,0.0,0.009720339237219391,0.029948364888123885
2000,0,100.0,0.0,0.009711981249913078,0.029922613929492654
2000,0,100.0,0.0,0.009703637623409818,0.029896907216494805
2000,0,100.0,0.0,0.009695308320728664,0.029871244635193094
2000,0,100.0,0.0,0.009686993305016217,0.029845626072041127
2000,0,100.0,0.0,0.0096786925395449,0.02982005141388171
2000,0,100.0,0.0,0.009670405987713087,0.029794520547945166
2000,0,100.0,0.0,0.009662133613044402,0.029769033361847694
2000,0,100.0,0.0,0.009653875379187112,0.029743589743589705
2000,0,100.0,0.0,0.009645631249913682,0.02971818958155419
2000,0,100.0,0.0,0.00963740118912024,0.02969283276450508
2000,0,100.0,0.0,0.009629185160826007,0.02966751918158564
2000,0,100.0,0.0,0.009620983129172834,0.029642248722316827
2000,0,100.0,0.0,0.009612795058424602,0.029617021276595705
2000,0,100.0,0.0,0.009604620912966764,0.02959183673469384
2000,0,100.0,0.0,0.009596460657305786,0.029566694987255695
2000,0,100.0,0.0,0.009588314256068702,0.029541595925297075
2000,0,100.0,0.0,0.009580181674002486,0.029516539440203524
2000,0,100.0,0.0,0.009572062875973652,0.029491525423728775
2000,0,100.0,0.0,0.009563957826967763,0.029466553767993186
2000,0,100.0,0.0,0.00955586649208877,0.029441624365482196
2000,0,100.0,0.0,0.009547788836558673,0.029416737109044765
2000,0,100.0,0.0,0.009539724825716996,0.029391891891891852
2000,0,100.0,0.0,0.009531674425020174,0.029367088607594898
2000,0,100.0,0.0,0.009523637600041221,0.02934232715008428
2000,0,100.0,0.0,0.009515614316469176,0.029317607413647813
2000,0,100.0,0.0,0.009507604540108527,0.029292929292929256
2000,0,100.0,0.0,0.009499608236878829,0.02926829268292679
2000,0,100.0,0.0,0.009491625372814208,0.029243697478991557
2000,0,100.0,0.0,0.009483655914062706,0.02921914357682616
2000,0,100.0,0.0,0.009475699826886666,0.029194630872483182
2000,0,100.0,0.0,0.009467757077660432,0.02917015926236375
2000,0,100.0,0.0,0.009459827632871782,0.029145728643216042
2000,0,100.0,0.0,0.009451911459120433,0.029121338912133855
2000,0,100.0,0.0,0.009444008523117838,0.029096989966555145
2000,0,100.0,0.0,0.009436118791686645,0.029072681704260615
2000,0,100.0,0.0,0.009428242231760404,0.02904841402337225
2000,0,100.0,0.0,0.009420378810382763,0.029024186822351923
2000,0,100.0,0.0,0.00941252849470743,0.028999999999999963
2000,0,100.0,0.0,0.009404691251997423,0.02897585345545375
2000,0,100.0,0.0,0.009396867049624709,0.02895174708818632
2000,0,100.0,0.0,0.009389055855069744,0.02892768079800495
2000,0,100.0,0.0,0.009381257635921026,0.028903654485049796
2000,0,100.0,0.0,0.009373472359874636,0.028879668049792494
2000,0,100.0,0.0,0.009365699994733774,0.02885572139303479
2000,0,100.0,0.0,0.009357940508408394,0.02883181441590717
2000,0,100.0,0.0,0.009350193868914667,0.02880794701986751
2000,0,100.0,0.0,0.009342460044374603,0.028784119106699715
2000,0,100.0,0.0,0.009334739003015614,0.02876033057851236
2000,0,100.0,0.0,0.009327030713170046,0.02873658133773737
2000,0,100.0,0.0,0.00931933514327465,0.028712871287128676
2000,0,100.0,0.0,0.00931165226187051,0.028689200329760887
2000,0,100.0,0.0,0.009303982037602061,0.02866556836902797
2000,0,100.0,0.0,0.009296324439217225,0.02864197530864194
2000,0,100.0,0.0,0.009288679435566546,0.028618421052631543
2000,0,100.0,0.0,0.009281046995603056,0.028594905505340964
2000,0,100.0,0.0,0.009273427088381695,0.028571428571428532
2000,0,100.0,0.0,0.009265819683059012,0.028547990155865427
2000,0,100.0,0.0,0.009258224748892572,0.02852459016393439
2000,0,100.0,0.0,0.00925064225524072,0.028501228501228465
2000,0,100.0,0.0,0.009243072171562118,0.028477905073649716
2000,0,100.0,0.0,0.00923551446741533,0.028454619787407976
2000,0,100.0,0.0,0.009227969112458318,0.02843137254901957
2000,0,100.0,0.0,0.009220436076448082,0.028408163265306086
2000,0,100.0,0.0,0.009212915329240547,0.02838499184339311
2000,0,100.0,0.0,0.009205406840789672,0.028361858190709008
2000,0,100.0,0.0,0.009197910581147342,0.028338762214983677
2000,0,100.0,0.0,0.00919042652046292,0.028315703824247317
2000,0,100.0,0.0,0.009182954628982835,0.02829268292682923
2000,0,100.0,0.0,0.009175494877050296,0.028269699431356585
2000,0,100.0,0.0,0.009168047235104634,0.02824675324675321
2000,0,100.0,0.0,0.009160611673681191,0.028223844282238408
2000,0,100.0,0.0,0.009153188163410785,0.028200972447325733
2000,0,100.0,0.0,0.00914577667501934,0.028178137651821825
2000,0,100.0,0.0,0.009138377179327606,0.028155339805825207
2000,0,100.0,0.0,0.00913098964725053,0.028132578819725106
2000,0,100.0,0.0,0.009123614049797196,0.028109854604200287
2000,0,100.0,0.0,0.00911625035807016,0.02808716707021788
2000,0,100.0,0.0,0.009108898543265253,0.02806451612903222
2000,0,100.0,0.0,0.009101558576671165,0.028041901692183686
2000,0,100.0,0.0,0.009094230429669007,0.028019323671497547
2000,0,100.0,0.0,0.009086914073732022,0.027996781979082827
2000,0,100.0,0.0,0.009079609480425178,0.027974276527331154
2000,0,100.0,0.0,0.009072316621404751,0.027951807228915625
2000,0,100.0,0.0,0.009065035468418081,0.02792937399678969
2000,0,100.0,0.0,0.009057765993303053,0.02790697674418601
2000,0,100.0,0.0,0.009050508167987914,0.027884615384615348
2000,0,100.0,0.0,0.009043261964490719,0.027862289831865457
2000,0,100.0,0.0,0.009036027354919129,0.027839999999999962
2000,0,100.0,0.0,0.009028804311469942,0.027817745803357278
2000,0,100.0,0.0,0.00902159280642883,0.027795527156549486
2000,0,100.0,0.0,0.009014392812169897,0.027773343974461257
2000,0,100.0,0.0,0.009007204301155421,0.027751196172248766
2000,0,100.0,0.0,0.009000027245935389,0.02772908366533861
2000,0,100.0,0.0,0.00899286161914721,0.027707006369426714
2000,0,100.0,0.0,0.00898570739351546,0.02768496420047729
2000,0,100.0,0.0,0.008978564541851286,0.027662957074721745
2000,0,100.0,0.0,0.008971433037052357,0.02764098490865763
2000,0,100.0,0.0,0.008964312852102316,0.02761904761904758
2000,0,100.0,0.0,0.008957203960070558,0.027597145122918283
2000,0,100.0,0.0,0.008950106334111686,0.027575277337559392
2000,0,100.0,0.0,0.00894301994746551,0.02755344418052253
2000,0,100.0,0.0,0.008935944773456425,0.027531645569620216
2000,0,100.0,0.0,0.0089288807854932,0.027509881422924865
2000,0,100.0,0.0,0.008921827957068638,0.027488151658767737
2000,0,100.0,0.0,0.008914786261759204,0.027466456195737926
2000,0,100.0,0.0,0.008907755673224691,0.027444794952681352
2000,0,100.0,0.0,0.008900736165207956,0.027423167848699727
2000,0,100.0,0.0,0.008893727711534554,0.02740157480314957
2000,0,100.0,0.0,0.008886730286112423,0.02738001573564119
2000,0,100.0,0.0,0.008879743862931529,0.0273584905660377
2000,0,100.0,0.0,0.008872768416063576,0.02733699921445401
2000,0,100.0,0.0,0.008865803919661665,0.027315541601255853
2000,0,100.0,0.0,0.008858850347959938,0.027294117647058788
2000,0,100.0,0.0,0.008851907675273447,0.027272727272727237
2000,0,100.0,0.0,0.00884497587599758,0.027251370399373497
2000,0,100.0,0.0,0.008838054924607874,0.027230046948356772
2000,0,100.0,0.0,0.00883114479565982,0.027208756841282215
2000,0,100.0,0.0,0.0088242454637882,0.027187499999999965
2000,0,100.0,0.0,0.008817356903707186,0.02716627634660418
2000,0,100.0,0.0,0.008810479090209745,0.0271450858034321
2000,0,100.0,0.0,0.00880361199816751,0.027123928293063097
2000,0,100.0,0.0,0.008796755602530308,0.02710280373831772
2000,0,100.0,0.0,0.008789909878326011,0.027081712062256773
2000,0,100.0,0.0,0.008783074800660127,0.027060653188180368
2000,0,100.0,0.0,0.008776250344715542,0.027039627039627003
2000,0,100.0,0.0,0.008769436485752234,0.027018633540372636
2000,0,100.0,0.0,0.008762633199107023,0.026997672614429754
2000,0,100.0,0.0,0.00875584046019295,0.026976744186046477
2000,0,100.0,0.0,0.008749058244499569,0.02695584817970562
2000,0,100.0,0.0,0.008742286527592031,0.026934984520123804
2000,0,100.0,0.0,0.0087355252851113,0.026914153132250544
2000,0,100.0,0.0,0.008728774492773466,0.026893353941267354
2000,0,100.0,0.0,0.008722034126369807,0.026872586872586837
2000,0,100.0,0.0,0.008715304161766137,0.026851851851851818
2000,0,100.0,0.0,0.008708584574902806,0.02683114880493443
2000,0,100.0,0.0,0.00870187534179423,0.02681047765793525
2000,0,100.0,0.0,0.008695176438528785,0.026789838337182414
2000,0,100.0,0.0,0.008688487841268385,0.026769230769230733
2000,0,100.0,0.0,0.008681809526248212,0.026748654880860843
2000,0,100.0,0.0,0.008675141469776425,0.026728110599078307
2000,0,100.0,0.0,0.008668483648234008,0.02670759785111278
2000,0,100.0,0.0,0.008661836038074326,0.026687116564417142
2000,0,100.0,0.0,0.008655198615822913,0.02666666666666663
2000,0,100.0,0.0,0.008648571358077253,0.026646248085758006
2000,0,100.0,0.0,0.008641954241506425,0.02662586074980869
2000,0,100.0,0.0,0.00863534724285086,0.02660550458715593
2000,0,100.0,0.0,0.008628750338921999,0.026585179526355963
2000,0,100.0,0.0,0.008622163506602235,0.02656488549618317
2000,0,100.0,0.0,0.008615586722844314,0.026544622425629254
2000,0,100.0,0.0,0.00860901996467143,0.026524390243902404
2000,0,100.0,0.0,0.008602463209176622,0.02650418888042647
2000,0,100.0,0.0,0.008595916433522767,0.026484018264840148
2000,0,100.0,0.0,0.008589379614942138,0.026463878326996162
2000,0,100.0,0.0,0.00858285273073627,0.02644376899696045
2000,0,100.0,0.0,0.008576335758275563,0.026423690205011355
2000,0,100.0,0.0,0.008569828674999185,0.026403641881638813
2000,0,100.0,0.0,0.008563331458414637,0.02638362395754356
2000,0,100.0,0.0,0.00855684408609766,0.02636363636363633
2000,0,100.0,0.0,0.008550366535691842,0.02634367903103706
2000,0,100.0,0.0,0.00854389878490837,0.026323751891074096
2000,0,100.0,0.0,0.008537440811526008,0.026303854875283413
2000,0,100.0,0.0,0.0085309925933904,0.02628398791540782
2000,0,100.0,0.0,0.008524554108414273,0.02626415094339619
2000,0,100.0,0.0,0.008518125334576989,0.02624434389140268
2000,0,100.0,0.0,0.008511706249923805,0.02622456669178595
2000,0,100.0,0.0,0.008505296832566945,0.0262048192771084
2000,0,100.0,0.0,0.008498897060683921,0.026185101580135407
2000,0,100.0,0.0,0.008492506912517996,0.02616541353383455
2000,0,100.0,0.0,0.008486126366377843,0.02614575507137487
2000,0,100.0,0.0,0.008479755400637324,0.02612612612612609
2000,0,100.0,0.0,0.008473393993735126,0.02610652663165788
2000,0,100.0,0.0,0.008467042124174597,0.026086956521739098
2000,0,100.0,0.0,0.008460699770523555,0.026067415730337044
2000,0,100.0,0.0,0.008454366911413866,0.026047904191616733
2000,0,100.0,0.0,0.00844804352554146,0.02602842183994013
2000,0,100.0,0.0,0.008441729591665854,0.026008968609865436
2000,0,100.0,0.0,0.008435425088610083,0.025989544436146345
2000,0,100.0,0.0,0.008429129995260371,0.025970149253731308
2000,0,100.0,0.0,0.008422844290565935,0.02595078299776283
2000,0,100.0,0.0,0.00841656795353867,0.025931445603576717
2000,0,100.0,0.0,0.008410300963253103,0.02591213700670138
2000,0,100.0,0.0,0.008404043298845925,0.02589285714285711
2000,0,100.0,0.0,0.008397794939515932,0.025873605947955357
2000,0,100.0,0.0,0.00839155586452383,0.025854383358098035
2000,0,100.0,0.0,0.00838532605319145,0.025835189309576803
2000,0,100.0,0.0,0.00837910548490276,0.02581602373887237
2000,0,100.0,0.0,0.008372894139102225,0.025796886582653784
2000,0,100.0,0.0,0.008366691995295503,0.025777777777777743
2000,0,100.0,0.0,0.008360499033048788,0.0257586972612879
2000,0,100.0,0.0,0.008354315231988853,0.025739644970414168
2000,0,100.0,0.0,0.008348140571802595,0.02572062084257203
2000,0,100.0,0.0,0.008341975032236998,0.025701624815361857
2000,0,100.0,0.0,0.008335818593098837,0.025682656826568232
2000,0,100.0,0.0,0.00832967123425436,0.025663716814159257
2000,0,100.0,0.0,0.008323532935629274,0.025644804716285892
2000,0,100.0,0.0,0.008317403677208447,0.025625920471281264
2000,0,100.0,0.0,0.008311283439035255,0.02560706401766001
2000,0,100.0,0.0,0.008305172201212449,0.025588235294117613
2000,0,100.0,0.0,0.008299069943900736,0.025569434239529724
2000,0,100.0,0.0,0.008292976647319322,0.02555066079295151
2000,0,100.0,0.0,0.008286892291745339,0.02553191489361699
2000,0,100.0,0.0,0.008280816857513865,0.025513196480938385
2000,0,100.0,0.0,0.008274750325017496,0.02549450549450546
2000,0,100.0,0.0,0.008268692674706209,0.025475841874084887
2000,0,100.0,0.0,0.00826264388708771,0.025457205559619573
2000,0,100.0,0.0,0.008256603942725791,0.025438596491228038
2000,0,100.0,0.0,0.00825057282224173,0.025420014609203765
2000,0,100.0,0.0,0.00824455050631311,0.025401459854014565
2000,0,100.0,0.0,0.00823853697567388,0.025382932166301938
2000,0,100.0,0.0,0.008232532211114372,0.025364431486880435
2000,0,100.0,0.0,0.00822653619348064,0.02534595775673704
2000,0,100.0,0.0,0.008220548903674591,0.025327510917030536
2000,0,100.0,0.0,0.008214570322653754,0.025309090909090875
2000,0,100.0,0.0,0.00820860043143088,0.02529069767441857
2000,0,100.0,0.0,0.008202639211074001,0.025272331154684063
2000,0,100.0,0.0,0.008196686642706043,0.025253991291727108
2000,0,100.0,0.0,0.008190742707504665,0.025235678027556167
2000,0,100.0,0.0,0.00818480738670208,0.025217391304347792
2000,0,100.0,0.0,0.008178880661585019,0.02519913106444602
2000,0,100.0,0.0,0.008172962513494145,0.025180897250361763
2000,0,100.0,0.0,0.00816705292382423,0.025162689804772202
2000,0,100.0,0.0,0.008161151874023768,0.025144508670520198
2000,0,100.0,0.0,0.008155259345594914,0.025126353790613686
2000,0,100.0,0.0,0.00814937532009301,0.025108225108225076
2000,0,100.0,0.0,0.008143499779126838,0.025090122566690666
2000,0,100.0,0.0,0.008137632704358001,0.025072046109510054
2000,0,100.0,0.0,0.008131774077501028,0.02505399568034554
2000,0,100.0,0.0,0.008125923880322973,0.02503597122302155
2000,0,100.0,0.0,0.008120082094643363,0.025017972681524052
2000,0,100.0,0.0,0.008114248702333982,0.024999999999999967
2000,0,100.0,0.0,0.008108423685318672,0.024982053122756608
2000,0,100.0,0.0,0.008102607025573121,0.024964131994261087
2000,0,100.0,0.0,0.008096798705124673,0.024946236559139752
2000,0,100.0,0.0,0.008090998706052236,0.024928366762177617
2000,0,100.0,0.0,0.008085207010485982,0.02491052254831779
2000,0,100.0,0.0,0.00807942360060723,0.02489270386266091
2000,0,100.0,0.0,0.008073648458648271,0.024874910650464585
2000,0,100.0,0.0,0.008067881566892079,0.024857142857142824
2000,0,100.0,0.0,0.008062122907672315,0.024839400428265494
2000,0,100.0,0.0,0.008056372463372978,0.02482168330955774
2000,0,100.0,0.0,0.008050630216428316,0.02480399144689947
2000,0,100.0,0.0,0.008044896149322602,0.024786324786324754
2000,0,100.0,0.0,0.00803917024458996,0.02476868327402132
2000,0,100.0,0.0,0.008033452484814303,0.02475106685632998
2000,0,100.0,0.0,0.008027742852628932,0.024733475479744103
2000,0,100.0,0.0,0.008022041330716566,0.02471590909090906
2000,0,100.0,0.0,0.008016347901809027,0.024698367636621685
2000,0,100.0,0.0,0.008010662548687176,0.024680851063829754
2000,0,100.0,0.0,0.008004985254180657,0.024663359319631435
2000,0,100.0,0.0,0.007999316001167784,0.024645892351274755
2000,0,100.0,0.0,0.00799365477257528,0.02462845010615708
2000,0,100.0,0.0,0.007988001551378299,0.02461103253182458
2000,0,100.0,0.0,0.007982356320599935,0.024593639575971698
2000,0,100.0,0.0,0.007976719063311379,0.024576271186440644
2000,0,100.0,0.0,0.007971089762631566,0.024558927311220856
2000,0,100.0,0.0,0.007965468401727,0.024541607898448486
2000,0,100.0,0.0,0.007959854963811762,0.024524312896405887
2000,0,100.0,0.0,0.007954249432147047,0.024507042253521096
2000,0,100.0,0.0,0.007948651790041443,0.024489795918367314
2000,0,100.0,0.0,0.007943062020850145,0.024472573839662417
2000,0,100.0,0.0,0.007937480107975327,0.024455375966268414
2000,0,100.0,0.0,0.007931906034865654,0.02443820224719098
2000,0,100.0,0.0,0.007926339785016768,0.024421052631578916
2000,0,100.0,0.0,0.007920781341969796,0.02440392706872367
2000,0,100.0,0.0,0.00791523068931248,0.024386825508058832
2000,0,100.0,0.0,0.007909687810678589,0.024369747899159633
2000,0,100.0,0.0,0.007904152689747295,0.024352694191742446
2000,0,100.0,0.0,0.007898625310243977,0.024335664335664305
2000,0,100.0,0.0,0.00789310565593913,0.0243186582809224
2000,0,100.0,0.0,0.007887593710648679,0.0243016759776536
2000,0,100.0,0.0,0.007882089458233712,0.024284717376133955
2000,0,100.0,0.0,0.007876592882600363,0.02426778242677821
2000,0,100.0,0.0,0.007871103967699593,0.02425087108013934
2000,0,100.0,0.0,0.007865622697527093,0.024233983286908047
2000,0,100.0,0.0,0.007860149056123101,0.024217118997912287
2000,0,100.0,0.0,0.007854683027572267,0.0242002781641168
2000,0,100.0,0.0,0.007849224596003413,0.024183460736622624
2000,0,100.0,0.0,0.00784377374558954,0.024166666666666635
2000,0,100.0,0.0,0.007838330460547476,0.024149895905621065
2000,0,100.0,0.0,0.007832894725137934,0.024133148404993032
2000,0,100.0,0.0,0.007827466523665224,0.024116424116424087
2000,0,100.0,0.0,0.0078220458404771,0.02409972299168972
2000,0,100.0,0.0,0.007816632659964632,0.02408304498269893
2000,0,100.0,0.0,0.007811226966562291,0.024066390041493746
2000,0,100.0,0.0,0.007805828744746997,0.02404975812024876
2000,0,100.0,0.0,0.0078004379790393135,0.024033149171270685
2000,0,100.0,0.0,0.007795054654002006,0.024016563146997898
2000,0,100.0,0.0,0.007789678754240628,0.02399999999999997
2000,0,100.0,0.0,0.007784310264403104,0.023983459682977225
2000,0,100.0,0.0,0.007778949169179685,0.0239669421487603
2000,0,100.0,0.0,0.007773595453302737,0.023950447350309673
2000,0,100.0,0.0,0.007768249101546706,0.023933975240715236
2000,0,100.0,0.0,0.007762910098727757,0.023917525773195846
2000,0,100.0,0.0,0.007757578429703942,0.023901098901098868
2000,0,100.0,0.0,0.007752254079374692,0.023884694577899764
2000,0,100.0,0.0,0.007746937032681027,0.023868312757201617
2000,0,100.0,0.0,0.007741627274605289,0.02385195339273472
2000,0,100.0,0.0,0.007736324790170486,0.023835616438356133
2000,0,100.0,0.0,0.007731029564441439,0.02381930184804925
2000,0,100.0,0.0,0.007725741582523193,0.02380300957592336
2000,0,100.0,0.0,0.007720460829561792,0.023786739576213228
2000,0,100.0,0.0,0.0077151872907437954,0.023770491803278657
2000,0,100.0,0.0,0.007709920951296177,0.023754266211604064
2000,0,100.0,0.0,0.007704661796486309,0.02373806275579806
2000,0,100.0,0.0,0.007699409811621616,0.023721881390593016
2000,0,100.0,0.0,0.0076941649820496776,0.023705722070844655
2000,0,100.0,0.0,0.007688927293157845,0.023689584751531625
2000,0,100.0,0.0,0.007683696730373419,0.02367346938775507
2000,0,100.0,0.0,0.0076784732791630944,0.023657375934738243
2000,0,100.0,0.0,0.007673256925033228,0.023641304347826055
2000,0,100.0,0.0,0.007668047653529468,0.023625254582484694
2000,0,100.0,0.0,0.007662845450236726,0.02360922659430119
2000,0,100.0,0.0,0.00765765030077892,0.02359322033898302
2000,0,100.0,0.0,0.0076524621908190295,0.023577235772357694
2000,0,100.0,0.0,0.007647281106058851,0.023561272850372347
2000,0,100.0,0.0,0.007642107032238774,0.023545331529093338
2000,0,100.0,0.0,0.007636939955137871,0.02352941176470585
2000,0,100.0,0.0,0.007631779860573588,0.02351351351351348
2000,0,100.0,0.0,0.007626626734401666,0.02349763673193785
2000,0,100.0,0.0,0.0076214805625161135,0.02348178137651819
2000,0,100.0,0.0,0.00761634133084888,0.02346594740391096
2000,0,100.0,0.0,0.007611209025369876,0.023450134770889457
2000,0,100.0,0.0,0.007606083632086813,0.023434343434343405
2000,0,100.0,0.0,0.007600965137045033,0.02341857335127857
2000,0,100.0,0.0,0.007595853526327457,0.023402824478816378
2000,0,100.0,0.0,0.007590748786054362,0.023387096774193518
2000,0,100.0,0.0,0.007585650902383381,0.023371390194761553
2000,0,100.0,0.0,0.007580559861509334,0.023355704697986545
2000,0,100.0,0.0,0.007575475649663936,0.023340040241448663
2000,0,100.0,0.0,0.007570398253115896,0.023324396782841792
2000,0,100.0,0.0,0.007565327658170743,0.023308774279973177
2000,0,100.0,0.0,0.007560263851170617,0.02329317269076302
2000,0,100.0,0.0,0.007555206818494249,0.023277591973244117
2000,0,100.0,0.0,0.00755015654655675,0.023262032085561466
2000,0,100.0,0.0,0.007545113021809554,0.023246492985971912
2000,0,100.0,0.0,0.007540076230740268,0.02323097463284376
2000,0,100.0,0.0,0.007535046159872516,0.023215476984656407
